a-guaiene,b-myrcene,(E)-b-ocimene,a-panasinsene,"guaia-6,9-diene","2,6-dimethylocta-3,5,7-trien-2-ol",g-selinene,(E)-4-oxohex-2-enal,pentan-1-ol,pent-1-en-3-ol,"3-ethenyl-1,2-dimethylcyclohexa-1,4-diene",germacrene B,"2-methyl-6-methylideneocta-1,7-dien-3-one",a-gurjunene,allo-ocimene,"3,4-dimethylocta-2,4,6-triene",cosmene,(Z)-hex-3-en-1-ol,(3E)-hex-3-en-1-yl acetate,pentan-3-one,anisole,2-methoxyethylbenzene,"2,3-dihydro-1-benzofuran",phenylmethanol,carveol,b-elemene,cyclopentanol,cyclopentanone,hexyl formate,indole,2-phenylethanol,3-methylbut-2-en-1-ol,(Z)-b-ocimene,ylangene
0,53.51795560749537,5.471062528784797,0,1.9650626559643114,0,2.41746410604492,0.34795334289584834,0.5051044116266211,0.6955962222948489,0,0.37211565218933307,2.4495974536834755,0,0.6642632855281417,0.2660364163826988,1.3640422792061655,5.116886752093216,0.9803951768693513,8.35437255862408,0.5284370860049737,0,0,1.3312401858848182,0,0,12.763421155897502,2.7110597595366475,12.095204226418979,0.17826413868723143,0.20466537175767346,0,3.8028940895522503,1.4124096679836147
0,36.21534052711096,7.143774310471374,0,1.2404955684945476,0,1.5910384452754365,0,0,0.1913138463743121,2.598768682546283,0,0,0,5.344529660167095,2.1404758459763773,1.7725380470430865,3.9032563080554623,1.2819311381621359,0,0.8064456139377203,0.07392104830029948,1.179506892809622,0,4.474886957106093,0,0,0,11.474871043725457,0.2729427767454281,0.37952876937761737,0,18.58079861210508,1.2568079979533118
0.8302290555510193,91.11386115430253,26.5050354743815,0.12989571825778978,2.691591001249877,0,3.0192760333288517,0.5757720523670548,1.3707428995965558,3.7670793253587895,4.537613821690065,0.8415803245458692,4.228951115799163,0,4.495376823547654,1.8003914509223489,2.6326908475850845,5.862361753937372,1.507713415019573,36.28069064090932,1.096916802755272,2.815061956253022,3.569216978156237,0,0,0,55.42794880493324,3.273206154010158,13.243851080826595,0.1985585606506596,0.39456807784543363,0,16.50529243824072,1.4457646194262244
0,21.988331238965667,16.852193491380262,0,0.36840266812018313,0,0.28789659491587216,0.1435220026029153,0.19671217609303449,0.560298570482287,0,0,0,0,1.6474434269729774,0.6597985393045713,0,0,0.40145419724056086,6.229895764630874,0.038056710799453185,0,0.4768326641428307,0.7360091831407682,0,0,9.517744491684676,1.3733023147767753,1.2560663248691344,0.47201729727651387,0.11304630696126103,0,11.882608296979024,0
0.4601472291664994,51.75143059968494,18.750667405149958,0.15373149017138138,1.3987690742297412,0,1.512320739593818,0.21674944493294593,1.3076376335059103,1.2252127517140448,1.8245948099242275,0,0,0.6915180751013185,2.1191819512313357,0.8487290871724614,1.8064818214478737,5.304863670103775,1.6904767406448697,2.459951273930255,0.23804695514439644,0.10578967422014503,0.14519286739630013,0.9370612807740072,0,0,3.758198944545204,1.2419450872297733,3.864895510318426,0.725439591879153,0.3146686079420018,0,10.443118367239117,0
0,17.993034796058346,2.321723952980968,0,0.07966629247786328,0,0,0.1393970459031875,0,0.14374887559139038,0,0,0,0,0.6751875093219732,0.27041155108183074,0.5700213150045287,0.9650654699734841,0.5379721502913066,1.5413662689498364,0.028957955129083383,0.030877157557894785,0.09750960098201707,0.5568037735024273,0,0,0,0.7999183668958594,0.7495407439778518,0.46745965166608294,0.07210317287162077,0,3.294510472307791,0
0.36692532862346927,5.963925632193841,2.833034173731355,0.11234224281754793,0.9949068647998642,0,1.1356370406038143,0.14064588600493996,0,0.1915870961038816,0,0,0,0.5110001827765317,0.8007573505650473,0.32070207789228256,0.6428833824768735,0.7792327753622851,0.16357284034908412,0,0.06498821700417803,0.10685196175080654,0.2788194699055931,0,0,0,0,0,2.520574109009935,0.4362440789003015,0.23097158690371997,0,2.828098559949857,0.5989103350163187
6.568601696351779,316.141431572529,316.0150768926873,2.0462073122588107,17.141589435888054,0,17.927865594915655,0.35713042546175655,2.981841850088654,5.565745670250111,14.134641476132638,7.303209504126055,11.466617754098662,11.317266527433395,10.917175907512908,4.37231203158409,8.098370073617986,8.41063381385881,2.29697673590675,19.370923967269885,0.26189825898409635,50.69357905286946,0.7303450204128195,0,0,4.293437645918213,29.593995125093322,122.80974898961779,18.04981720157054,46.378429745118076,10.765479032358469,0.5153695785455585,29.566221462941964,8.463120610613313
4.702971230781446,123.21426175836552,426.24030829248426,1.6744167835733872,15.48864134873042,0.5312457961449438,15.938020173890022,0,0,0.4525796235184196,16.87409153421046,6.814196835752008,3.0315311902148996,7.824217280220147,10.701275656619764,4.285844315702321,12.343682824175326,3.415088114134505,0.47220020688404185,0,0.3714075588564313,25.001970993982,2.1272157522570154,0,0,5.0047363831754454,43.856151023728664,183.2641219018716,15.60369524235305,1.8455024989708988,1.937857649965074,0,39.308809533277085,6.531983939160146
0,53.22968616738587,8.70954045501915,0.09692685987453853,0.597987508037925,0,0.6162177819184764,0,0.30608414600076167,0.5144316515902616,1.7384807558109812,0.3058870416820069,1.4467817527234201,0.30511448104896033,0.8707663546631502,0.34874057553403115,1.1732548575516724,1.094873455765508,0.5015068674109375,3.7910681084797595,0.025067173194315007,0.09379290704054095,0.17113029519468412,0.5486177830126922,0,0.2600140601891734,5.791817226210458,14.638085927414645,1.098226246325503,0.3370937885450782,0.1636719389775054,0,3.4344877182720595,0
0,20.978907978191973,9.72374337916692,0,1.2830548630974434,0,0.9779811314655591,0.01158015367079554,0.3973585957079297,0.7689832925220896,0,0.39103811233428337,0,0.4803065349355935,1.600927377270211,0.6411689334889128,1.23002289405623,0.8737435451956138,0.04187626034003674,7.572250510023087,0.08912322369328812,4.122454629822507,9.368958199849079,0.3291602417942526,0,0,11.568531529949114,8.703924844386512,1.6850597640715554,0.48474430766035864,1.0050181354362433,0,6.912235275595959,0
0.8096767479068449,27.58509408118664,118.03032040692476,0.13121552844126663,0.45799292514600276,0,0,0.17551879975539122,0,0.14441248207748777,4.7558831073632435,0.2067396058811928,1.2655985091077786,0,2.925107751763357,0,3.555171440784149,0,0,0.3468585749858426,0.6050571198349697,4.433279961294068,0,0,0,0,0.5299143703507381,0,9.951035546824462,1.2077760867641896,1.6206992568419454,0,30.911570254100074,1.1258528437673019
0.18574235713916012,10.787259234102008,0,0,0.10386821392485572,0,0,0,0.2735610662200466,1.2214067733378982,0,0.12002469554751549,0.8565270079666853,0,0.20896982934651884,0,0,1.116315689759108,0,3.451171556308668,0.5174334683457069,0.07706541939105759,0,0,0,0.12404095405599948,5.272539109947995,0,5.77730430585526,0.05572366708602313,0.0811066384760994,0,10.564954390375195,0.1587235620372466
1.4657372714425565,46.82148807109183,201.14952717671358,0.09571263450573984,0.8196488663798281,0,0,0,0.8453377913971335,2.7547085951415693,7.287295252533819,0.35030008863379114,3.6894276792548073,0,7.955301682120848,0,5.454852332472752,2.4167596914273597,0,5.339633949579233,0.4761952327350108,0.6329675661031009,0,0,0,0,8.157643968900567,1.1308154558161017,8.405297885326712,0,0.5693308780843219,0.09689870514748693,50.598554080669714,3.0494312503615526
0.1703105903073568,3.1167675399939103,11.054142788498025,0,0.08303965592104212,0,0,0,0,0.276704386864785,0,0,0,0,1.57015160701232,0,0.2598454454435429,0,0,1.613033075982524,0.027620498839006757,0,0.005893437421990042,0,0,0,2.464316780546889,0,0,0,0,0,2.3745679892450764,0.19306437411362812
0.6695983917108846,26.658268727574256,7.514037157114383,0.09592380413509614,0.3744433421928522,0,0,57.74186291193956,0,0.03761087349146087,0,0,3.9001370810892944,0,0.9512297234671779,0.035800833398272995,0,109.35973679424531,0,0.8639121119049977,0.8736223957802056,0.03773245308909711,0,0,0,0.10489608318590624,10.846969169267652,1.1158890533553953,7.429853044353507,0,0.24080498090190752,0,28.241053440373793,1.6278202164627351
0.30386551779714566,16.22664699407377,13.759295448597213,0,0.1699233771610555,0,0,0,0.6828273056541413,0.043856581595906885,0,0,1.0801205515693957,0,0.022553236219523112,0,0.978956010958753,15.092363806787514,0,11.109835205153168,0.3465227660653085,0.021698993292979273,0,0,0,0,16.973088607307744,0,3.82892424693556,0,0.06521225226931031,0,18.042036497461936,1.3414277023520509
0.2652159563229473,13.058564475212203,0,0.055643197335383233,0.14831031603092124,0,0,0.05829812656817167,0,0.38715583112434754,0,0.1035261869087365,0.7907642010247117,0,0.4914726059504412,0,0.16547590022333727,0,0,0.22430139121015794,0.2224027694483486,0.07047923670095617,0,0,0,0,0.3426772150487467,0,0,0,0,0,14.575667458598321,0.825165350466928
3.4647122313186083,161.51128907526288,549.7171940943588,0.6509303824907735,1.9374873710741403,0,0,0.37293014493089754,0.23553004550872664,0.7652163498215956,0,2.9404877529380244,2.579512549846395,0,4.365695715285396,0.04840874844523379,3.4962087636930743,15.77081808237988,0,3.6252586727289673,0.09777616060029905,0.33647603437860024,0.007028002914993473,0,0,0.22110099707182104,5.538501295509658,0.8058058677027828,12.30084121624407,0,3.7991858422920797,0,84.02005375588675,5.892817628264816
0.921206335463969,79.81674507134431,8.479893314926954,0.20969144195079906,0.515143977898463,0,0,0.07264086591860143,0.24213957462545257,0.36597897708271027,0,0,2.8100850035735596,0,3.7662729838883835,0,0.8431809133396044,2.8480234951345325,0,3.4107150772749173,0.7073725260258319,0,0.004380683431318802,0,0,0,5.210731586190934,1.1146920096228672,4.00649908837106,0,0.3921537407000986,0,65.42809131434893,1.735771955860738
0.23358083431775045,30.78638040990375,19.95782572708196,0.16787985533825303,0.1306197705323903,0,0,0.5405396240418565,0.22178642147235994,0.8984841465002125,0,0.37946569869191704,0,0,8.416115982585374,0,0,1.788722155763535,0,8.875665437519672,1.1370607559468144,0.05242034867971037,0,0,0,0.2283137158647399,14.058754987120464,1.0414280472993673,4.308946687681116,0,0,0.046506253814725985,37.64400346912076,0.36279671322799223
0.676191964811746,63.00697331741079,0,0.1168559936450387,0.3781305068865593,0,0,0,1.3546387294470728,0.3438262311497533,0,0.3615597343398773,4.5226021802665874,0,0.38939571910270376,0.020558428640006964,0,1.3544894273495558,0,4.846536349432096,4.524087752608904,3.954372414804371,0,0,0,0,7.404312429341266,2.072620149212424,5.323975128212,0,0.6735749142032156,0,63.49964712435808,1.4396851455179656
0.43826217802321465,33.02846081010803,18.173419965134375,0.10774930337904856,0.24507877666257497,0,0,0,1.5736974087442759,0.2811739717270292,0,0.38368806583169934,0,0,0.5269469670873994,0,0.7385697120489889,0,0,2.7849370370807773,0.2779072054865287,0.20544640842993755,0,0,0,0.324928529325443,4.254697052051677,0.9484739370489781,1.655932927125176,0,0,0,22.98385587818051,0.65231111934562
0.2351941553956208,45.807399812239254,0,0.0804028363774086,0.13152194912765908,0,0,0.12600039753893383,0,0.21311527122639398,0,0,1.5165708539679637,0,0.27475010165346125,0.049067370873060095,0,0,0,0,0.7106148443048055,4.0222879975979975,0,0,0,0,0,0,7.22467234962418,0,0.5082934171288201,0,54.65317105502734,0.5893803488898588
0.814727144324526,218.3287703827835,0,0.32142657208394765,0.45560019061072476,0,0,0.09962338084434398,0.20856736323890804,0.12907146154594223,0,0,4.795048094740478,0,0.3870464236631701,0.07823493553393954,0,2.635305537900589,0,0.5958285509726777,1.6493470440246507,0.05270362535455344,0,0,0,0.17461903151745511,0,1.411314560650522,7.23524318600942,0,0.5053006450424152,0.21549178764839974,45.09875791734204,1.0085354283484675
0,11.502787615906385,4.814280341472249,0.141562840279725,0.175257998420036,0,0,0,0,0.22816352419054362,0,0,0,0,0.20297912597570802,0,0,0,0,0.3251319473566061,0.15429382110065842,0,0.021115524453119403,0,0,0,0,0,1.987127117468474,0.12331441142184749,0.1903805436477744,0,10.660383663122307,0.4380507416059
0,7.733880785650499,9.116602960859264,0.03399831032636319,0.29018770642601305,0,0.13112267687769108,0,0.2364742639539732,0.9786829421288646,0,0,0,0.31772830892879794,0.37518248169352514,0,0,2.344735777243729,0,2.5239251371177716,0.20177351939837876,0,0.13425691667207262,0,0,0,3.9808065301092532,1.2026869386956405,2.198695943538521,0.2674392046875493,0.11463071571288716,0,6.831619545749973,0
0,8.470401658809829,0,0,0,0,0,0,0,0.1774561815175725,0,0,0,0,0.1915850430939698,0.07672951284176512,0,0.5346813476609202,0.21509475616070234,0,0.014914664083278776,0,0.17762253107131484,0.3529882523280675,0,0,0,0,0.5191117206161543,0.30149255679567455,0.05251183291103738,0,0.6406320582168354,0
0.809817036696225,17.08143928911524,17.050113066064984,0.3039786814583839,3.420943557790197,0,3.109459623311434,0.20477193304795643,0.6590120182018113,1.2632920533133392,2.5510222763052752,1.1432449990880937,0,1.2818452198777177,3.836399452758463,1.5364720352005203,1.5467826853767652,4.009972657238994,0.4345250160002688,19.36597197728879,0.23843198044002456,3.437406647049508,0.06091986383265643,0.48432908063152424,0,2.588742725280701,29.58642970551872,0.9831393463644321,4.948710436535994,0.4763169629467317,0.49076432347987714,0,9.728311250002873,1.4569377066089706
0,4.636322061275498,0.5600886546421504,0,0.1875746975032704,0,0.11634932595144898,0.02671760944961324,0.05712521593741721,0.1014732388594214,0,0,0,0,0.21942419405244362,0.08787904965568194,0,0.4044335211715917,0.07205674331383528,1.9701610914457683,0.011489965401112861,0,1.404592080338247,0.2588232916627071,0,0,3.0099203235947676,0.27715226827612766,0,0.7048871899755118,0.03603901176317843,0,0.5668863772525315,0
1.346772378048291,85.02603866136671,134.5132223036643,0.44390495711059763,2.903524520825404,0,2.842583816280663,0.1464927282995083,0.707481898391135,0.5020573424083279,6.54978379898968,1.8083460155878768,3.3453137261951738,2.338603688921889,4.964413658050549,1.9882399762302387,5.390037280484301,2.450627425119815,3.592015210772429,3.223891661899548,0.08075398963568739,7.772092161664445,0.06813696099648381,0.9336721764311233,0,1.0285693182346376,4.92531147648353,42.2185109730664,3.44533216976183,0.44656327650882427,0.4494942479018061,0,10.725434438470732,1.6422795057580535
0.6144648974845327,90.8516608211044,292.4181857468794,0.20623353927008975,1.9487842160931577,0.2086725341100553,1.7723611155990149,0.3040925647767241,0,1.2595251106128451,9.42479954621608,0.5654844287945485,0,1.0678306068498065,2.7339925677572943,1.0949597862612404,6.629862902493638,1.9228735684414422,0.8328536175653695,0,0.09504045455241503,0.18683513089274775,0.25833425961525336,1.0392558117286619,0,0.3672253370616955,82.02924819638577,86.33453169790113,12.040068569013952,0.5101123351146438,0.7563665588119968,5.658260880791662,19.00674164276936,0.6081117009315213
0.3907744228180744,16.354934441242918,33.48639486669556,0.2964029710052269,1.4063003042424196,0,1.224718141711304,0,0.15485182502043676,0.30303395009259027,2.2602807668734237,0.6868383880712547,0,1.5527622120080071,0.6776542695334835,0.2713994847235702,2.2037117676073437,1.0993818229128802,1.1632593281615984,3.0467346771514845,0.043649709830682726,2.268692069649448,0.10113390741800024,0.30976413693959365,0,0.3429158033522283,4.654659289119163,22.499120977853934,0,0.3306442900397515,0.25813287978873933,0,2.4517486946502216,0.6528040496625059
0,97.89086851047963,246.64383429813591,0.10724777550932736,0.78156123959696,0,0.650982931113066,0.1061324868292356,0.48086947153195925,0.44330865055088253,7.210559956789342,0.22448918626509248,0,0.8786231886522428,3.561531886333025,1.4263880008352658,4.361336082897843,0,0.2908148320403996,8.004480661361994,0.09970128707843964,1.4835766014881338,0.7919267141163946,1.231079117535894,0,0,12.249447208340477,15.440373952311631,2.727579984122325,2.6926226293172166,0.652952451086812,0,11.76045024030162,0
3.7914448217846988,246.73655059576285,8.825227360178376,1.2512328463433757,11.8885565020449,0,12.798278856142709,0.1248650883555225,0,0.17605089719407213,3.5409075914090264,2.996004061627755,7.320608300932438,7.603895753252317,1.1186170235339512,0.4480043842992822,0,1.6843699503280156,0.9797230057563491,0,0.7063593015636526,47.8004177173622,0.48515281109152253,0,0,2.4931964627522825,0,0,8.906766195573258,0.5954177020117657,5.969850981365139,0.12094188319862625,3.3135104512461924,4.6645995886908835
0,137.55720996935352,62.72043263367643,0.15449698007779794,1.131920335811768,0,1.0868335330663779,0.08183687030423319,0.2917110430008973,0.14298767991616104,3.8367647872238426,0.4009684943111788,1.1316571186422895,1.1729458391817864,1.3374538937265112,0.5356482116593119,2.7712458232804873,1.2460137153768056,0.7868435048803692,3.312387925657658,0.13216499884666327,5.346889729164199,0.12423492148387565,0,0,0.24541053078128827,5.060511945117426,11.518321236343434,0.9665470866057739,0.5098543551744308,0.30269751959638214,0,6.161467746244662,0.5303930209691843
1.6474112536896959,113.9693332126361,49.86861030586647,1.0196853477542003,2.6710762444965916,0,3.0045026824026095,0,0.331368217701253,0.169551457197883,3.7574716482878836,2.884658676312014,0,5.6428659788669,1.7629112978260566,0.7060432426298043,2.267502653988754,0.7257371505526116,0.4123433692711964,3.1889353636197084,0.08132139533450779,11.006644381858829,0.19980958960115972,0.3000139444454506,0,1.3471755878773986,0,10.19202121016633,1.7610709221078646,1.3124299491772917,0.7704753415050485,0,4.499345294932751,2.7936004158977914
1.1476324415233379,120.97670915041427,679.905107481249,0.42315754102634184,3.582119725092777,0.30697191711798133,3.154588167931895,0.053832577113420446,0.443363016623554,0.39915930138757977,17.44449056591107,1.862220292612136,0,2.5559819893844233,6.309385297183567,2.5268990332738994,11.645787117663108,1.2386463836969535,0,12.158743429857484,0.47860670695499746,11.432012636803185,0.185312363857227,0.3039244494564705,0,0.9342696984605503,18.57556172325301,33.36705659601179,5.106968785584078,0.7029953370806159,0.7289034737838105,0,31.38946802943207,1.6107319654773586
10.866559192193078,165.83340979534336,500.9982224085121,6.8160013153440815,17.026581277569445,0.3473026665651844,19.053947731935335,0,3.8199930899858554,8.039397400691609,18.594667387681064,18.055311041613553,0,35.53679713222333,18.454655395712695,7.391060885066851,11.920995047212267,10.354234875160733,0.7666783714903034,114.69980097169471,0.4843618219001757,42.942959263158116,2.702030753003948,1.8672400727286194,0,9.741266482347537,175.23301193793873,145.2627471395735,21.510967601318917,7.153353775541411,9.76853383675194,0,65.42004047581571,16.6493786932424
0.18546177956040005,15.092092020125468,43.02678745121181,0.08750341516451396,0.4740360140792603,0,0.47311472593144477,0.197543797913571,1.8720704374421906,0.7514757919918144,0,0.1328481809350025,0,0.6361573860731424,0.6188044187731654,0.24783021069921438,0.5075472129750283,2.7668179063946683,0.8568501262995478,4.890884982952834,1.9159061355347715,0.8519404357567951,0,0,0,0.12582187227647326,7.472066205383897,29.7864300679173,2.146183982934147,0.7427242478734287,0.15117271438134372,0.64647536294519925,5.849953967265899,0.5088683971318351
2.1603070676630867,55.056307326918315,1.2333821259932827,0.5112416726715856,5.429781488203202,0,6.01797227432264,0,1.6328684313130606,2.4785311898980966,0,1.1906293414345397,1.4569816982899304,2.28786807011632,0.16151406146793895,0.06468613130436973,0,11.125165657361393,4.900833193454653,15.728488650326048,0.13646107056630336,22.17244776347824,0.08698335446359634,1.020641807876207,0,0,24.02925215283044,46.8829262389134,10.4177874052015,1.2178373044324995,3.651684932319266,1.0225824128499668,0.8030443075603462,3.688104630939997
0,2.457219135136069,29.109825427579494,0,0.3202734013204105,0,0.25614491531320255,0,0.7251073093690709,0.9452098502565993,1.470759835102473,0.1261236703049788,0,0,0.5534940055541298,0.22167349142268378,1.2661613090475337,1.8128584140281259,0.3285908485911229,5.313540068793237,0.048067368485784315,1.267592300754034,0.11837299977002459,0.219144700817558,0,0,8.117778953577584,2.945729190039996,0.9676497997538744,0.43607209227349275,0.1676958342197305,0.23240315267193648,1.7532579435079714,0
0,4.760493333669163,18.550805326460697,0,0.4095106319393858,0,0.2221882579603476,0,0.4823382557801206,6.794471632772907,2.4487085486459725,0.11853904785018468,0,0.4243852313349802,0.28179798797206224,0.11285965745395127,1.7050894263508156,2.160937345857564,0.7297425688308328,41.465040417575814,0.14349284833382747,0.21292491264579463,0.13892124147664228,0.3901119798993502,0,0,63.3483568493137,21.503986764700294,2.661987564106,0.26924506426904077,0.11855401357405662,0,1.2062303013040516,0
1.3184340425935248,39.32620821659335,224.66224314899148,0.6745549847750087,4.82453732624681,0,3.7249424126465156,0,1.6941377170935046,1.2856204597867338,13.611988850673033,1.715141170576386,0,5.047353149295456,3.6172101882499725,1.4486870744630993,8.386160609196503,9.681773429069143,2.8016428075487982,8.915975732347338,0.15526651658435053,12.489116204315074,0.07667771790214852,0,0,0.8139686726675458,13.621412319018331,21.073197597773785,4.192933659582677,1.3311764914994415,0.9153104208798877,2.6961242627044038,9.073831749508898,2.1159855402853642
0.8218117281882175,11.911112153634061,65.50695462818798,0.34484000473882664,1.6975470898889655,0,1.8394659384629901,0,0.41634787777344395,0.49686559754650717,3.6875572677206936,0.7992784611639762,0,2.046803803968313,3.4367842984937877,1.376426785238727,2.6796561561365357,1.7626066143610737,0.16441305424033686,7.0701808542275435,0.1632912543248103,1.5031226920523055,0.08260267103227754,0.313883202217868,0,0.6803107602209878,11.280543085921183,11.770921893370772,2.5945319391152983,0.7577730777191911,0.3176865293736706,0,15.18710180906801,2.1094131360602195
0,52.889964542582874,330.806705302808,0.14053338833661305,1.7202976805522647,0,1.5362814978124995,0.6070498203700369,0,0.5639093704801699,11.025156769687003,0.36609486941593977,0,1.0805845883727534,3.713061442182946,1.4870753531135472,6.388891366094136,5.73722707555421,3.646830765037758,0,3.271337027570461,7.24077843032878,0.22987557516575063,1.3331693683569215,0,0,24.292366837297603,38.337426468107374,7.470197135737461,0.6144222242741285,1.135342042593808,0,16.87316208695203,0.6777791857180562
3.2012498848629116,25.393368219069067,788.9973194619538,0,7.90292759392909,3.734321917931514,11.072369271814265,0,1.132222829011215,0.5360769337397323,28.51313066985328,0.60473680479771,0,0,34.287849475221755,13.387018334620187,25.591557569995416,1.0040463517721054,0,7.852394267957338,0.582077189032744,25.756648383431425,0,1.989612809540137,0,0,11.996522111123236,1.1631844955222161,15.734613910246502,20.058112338193006,12.597206445309856,0.9622822931195782,74.94665138443297,8.7110645600069
5.528009601125404,356.7355588257962,274.311350502345,1.4862910400205995,10.131112598461351,0.28598829003859794,12.943439891363246,0,1.4565618649534102,4.1795693099817965,13.125146029894186,2.5355314674392737,17.20435555488082,4.173355030865821,8.058905611004283,3.2275792075628322,12.74661883585974,2.847748594698717,0.7994467132491604,12.434446842531933,0.34344256370028353,35.78096007610319,0.061613209411714075,5.098933553902319,0,3.4164244682458955,18.99676855181965,3.3785704319365517,15.726324549340092,5.62697246261408,27.17733816729771,0,33.24352247137597,10.775456727124878
2.374878771019843,83.88009560387292,577.1576531638151,0,10.06082111834302,1.4139400707910335,8.86570103868707,1.0238975088792293,0.8887718398784755,1.0939357744937201,23.260173368945257,0,0,0,19.0833268553319,7.642842830333024,18.54485926543609,6.075299631519968,2.6408930858743234,9.7261468754907,0.6391622552319237,47.79604109273588,0.3138964530642825,1.212465113683439,0,0,14.859154044771186,1.8283743688488516,16.80812417221803,39.36808284976811,15.670758228702432,0.4306846370261814,83.78765288356111,6.581605591059989
0,17.25857201028676,137.39525074506568,0.10413302347632204,0.6362712606023733,0,0.5269161830359682,0.05958481030937117,0.5192676883053196,2.0754292852695855,4.113864466301121,0.19313420065300538,0,0.4484916579497809,4.4915004860724235,1.7988389837710441,2.7787076012746432,1.1748145025006214,0.17449562093536977,8.614525626376341,0.0420285506911959,4.18850058656217,0.5964978079465536,0.21304431300036689,0,0,13.160870891999254,1.6698271479487135,2.681532204041299,0.8036075137637132,0.23396435899012488,0.28531522657133546,24.674209936615583,0.8432394620860761
3.1829421978488175,12.996273030276598,87.64599651858924,1.5167522590552447,10.999439883829377,0,8.78698333300545,0,2.1932096219866057,1.1806925636320407,6.71945406402469,0.8314935586008337,0,8.182590145650645,1.771721155724308,0.7095715770645882,5.314102716190834,2.0658767751526046,0.6135577919484034,6.401059196929493,0.4339235081728919,41.120555430890185,1.5873201561280774,1.069027789879227,0,0,9.779240008862812,1.3381971751105968,6.13804360364939,7.603614764526623,7.667079695845152,3.442402302568808,7.039653213448403,5.632550420949082
1.5967670007235049,43.144509144155,156.1150539199213,0.6455455569421881,4.924992951572171,0,4.546443623107251,0,0.4568443577584633,0.28312575550966856,7.309463226860001,0.38400083376797955,0,3.0739898543164204,3.7706191804515203,1.5101271380874681,4.657905180822427,2.0007253718643585,0.944770107880235,3.0580639531229954,0.22732704033453982,31.22504964226956,0.18206624591891163,0.8000893252546818,0,0,4.671967629105332,1.7110396535971777,4.806840686344164,25.32313894468815,5.203726476590746,0,13.749866114117404,3.3034546736633983
0.796700034889192,40.94825548978441,163.45394196595973,0.21185593065170105,1.5752038273392583,0,1.7316425264789248,0.3043953138923004,0,0.27492826362258316,7.888388402532221,0,0,0.7555682900022715,3.6179149768818326,1.4489693412178821,5.2921563103256695,2.9475924329868644,1.1849368465559191,0,0.05396433485566764,0.4213598899953266,3.6592888720174535,0,0,0,4.664402209530732,0,5.470141657222291,1.1604797643917935,0.7731160227577587,1.2037817103117503,20.279310853587152,1.7109611299108165
0,10.903060951118862,25.04664663452909,0.14816189119710915,0.7739123341153336,0,0.6166587774685135,0,0,0.20433224420451676,0,0.2423169586330622,0,0.9608933771574056,1.3696392412481224,0.5485383934610554,1.9723966497885144,0.8947459384919091,0.15409522765575315,1.595107237711472,0.018238040319226764,0.9024769945487991,0.20453694582200735,0.4218652805888322,0,0,0,1.0122836968318998,0,5.1931361964891005,1.5954996128875107,0,6.022778634445708,0
0,0,0,0,0,0,0,0,0.3807823163358233,0.3149398311666905,0,0,0,0,0,0,0,2.3414369720139443,0.41593948472575815,3.1385200855464843,0,0,0,0.7002410973066391,0,0,4.794884759684528,1.1710996418352586,5.47561719837148,0.12245447828780393,0.16679045779022983,0,0.3327679927064661,0
0,0,0,0,0,0,0,0.035024288308239455,0,0.015399574045024714,0,0,0,0,0,0,0,0.6744407292294611,0.1876701747502128,0.35592199576305145,0,0,0.06268474348843954,0.2563205684556543,0,0,0,0.49083678926434177,1.9841611993459967,0.13810526132739684,0.01654826918365067,0,0,0
0,10.117420392305466,18.630016323090242,0,0.44767670903488604,0,0.511113842492973,0.08429670686829106,1.6133021268643402,0.054767052940861025,2.5305595307734148,0,2.373903120795163,0,1.157145468742303,0.46343496689407,3.716550678579322,3.420861023286628,0.514815855448381,6.807835023384021,0.039069935261632445,0,0.21547289654623486,2.231907700022933,0,0,0,2.463980161357295,13.286780844419889,0.3047603027050401,2.299127994681095,0.1208137667969328,3.685673880508553,0
0,0.885389194205877,0,0,0,0,0,0,0.1712707346516687,0.1163263134453071,0,0,0,0,0,0,0,0.3407116001495859,0,0.038227169890969484,0,0,0.012196579049786879,0,0,0,0.9228974380689626,0.31086492849834507,0.9686384391280335,0.026571933841946217,0.012977062156175905,0,0.14105069110203114,0
0,37.56283894277746,2.1024368342463147,0,0.15901878370519829,0,0.23960758218681216,0.18518784963411103,0.6500419429719689,0.40645897273465104,0,0,2.8761162301357044,0,0.6946866614701026,0.27822093129748554,0.6364457700897587,2.928624302915603,0.6993604345231336,4.715518754729299,0.020122637818880195,0,0.04620202813175081,0.33296646667164537,0,0,0,3.6098197374898198,11.215695429330518,0.09717244414692305,0.048789729811979175,0,4.520921542201783,0
0,2.506476026615987,0.9702807502673554,0,0,0,0,0.013131742888124354,0.060062784433739864,0.015360538369371925,0.2890362806375295,0,0.5867652896945077,0,0.06589773707891909,0.026391941572182852,0.22751107413553442,0,0,0.5194655763195413,0,0,0,0.06439298251479518,0,0,0,0.184124869633951,1.0217207686021144,0,0.011417802749813683,0,0.473711339294721,0
0,8.195578389633573,1.9763899077295457,0.005041674900881498,0.18608414156326114,0,0.23166966228614477,0.28225678481577954,0.5966936008155379,0.33516031115483447,0,0,0,0,0.20979208275035563,0.08402140400698498,0,12.446337151890125,0.9464505356627404,7.170993137348231,0.023871568328943476,0,0.07009093490110083,2.894816509491035,0,0,0,2.9718442869802497,23.099673051001275,0.33984557457401765,0.43634114032878285,0.17658710700081906,0.9099594432815205,0
0,1.2813652076071107,0,0,0,0,0,0.03125884618325855,0.09421201820349065,0.2586699047131971,0,0,0,0,0.05767520304055129,0.0230988294330513,0,0,0,0.5709406898868745,0,0,0.053293062463022255,0.328326000725235,0,0,0,0.36260653310026997,0.8533478782645572,0.27096493053712795,0.032166012592536784,0,0.20663818901933784,0
0,2.0991119296692564,0,0,0,0,0,0.06791041098772091,0,0.20876279339110815,0,0,0,0,0.20979208275035563,0.08402140400698498,0,0,0,0,0.003505756639140256,0,0.04932208323751024,0.4829734388943706,0,0,0,0.2853361386923906,1.0867047951574182,0.23046207992367593,0.028821149672437183,0,1.2836256957367491,0
0,0,0,0,0,0,0,0,1.104420841456733,3.5852316303302785,0,0,0,0,0,1.7900416699136499,0,3.7653112693633033,4.508688566129172,16.549788066157554,0,0,0,5.306503159887258,0,0,0,11.223628612966182,9.8335775842561,0,0.9108086880776484,0,27.008738422222105,0
0,0,0,0.05989298612617863,0.2286826613224731,0,0,0.2733446077260006,2.670407132898162,2.980256729063376,0,0,0,0,11.276030785901673,4.516032854227617,0,2.753787625737019,1.092748578407668,18.563402412861798,0.042312253540606096,0,0.06700239550348037,0,0,0,0,13.025277148276551,3.0069846810962115,1.1301241247600555,0.28192416040839513,0,53.576076203796156,0
0,0,0,0,0,0,0,0,0,0.054864642129992994,0,0,0,0,0.7031441250524237,0,0,0,0,2.9382294501856254,0.2501245907335733,0,0,12.317308683710639,0,0,0,7.105114148079817,9.234233975967802,0.4868941404954676,1.7540159360859153,0,0,0
0,0,1.8189391664727255,0,0,0,0,0,0.40958097891584355,0.11821954371446729,0,0,0,0,0,0,0,3.2173797206960812,3.2599290723936947,1.8044978399010603,0,0,0.18143593175613193,2.826148041497525,0,0,0,5.945325348043752,3.6135149371428184,0,0.5151843377311306,0,1.8092917796991892,0
0,0,0,0,0,0,0,0,1.8979839881061797,0.1976181079922373,0,0,0,0,0.5198990807687984,0.20821877611137488,0,0,1.1626207656042462,8.08009444195895,0.2509554347925603,0,0,9.893264837479592,0,0,12.344391828167833,9.058665090101597,6.5986354782335885,1.4830406829715355,1.2326951581103913,0,0,0
0,0,8.345968455502888,0,0,0,0,0,1.0895231726539536,0.1979303933974596,0,0,0,0,0.4543537380058094,0.18196796791658337,0,11.877183289577955,7.0976228249684254,9.972595173922587,0.05396433485566764,0,0,6.260040701774363,0,0,0,18.02532881904604,16.51012545009169,0,1.3135503031338518,0,8.30170266191612,0
0,0,6.3650460384294165,0,0,0,3.068300038641307,0,1.0145102628371432,0.19359743340000019,0,0,0,0,0,0,0,14.486373286076082,12.955392423448652,5.484922777400982,0.3720357580229824,0,0,36.8054124633857,0,0,0,16.073414651107516,21.548726020493532,391.6283400933459,33.97545768558435,0,0,0
0,53.659552019771894,16.23620388816304,0,0,0,0,0,1.0700617813658162,1.8745907340359933,0,0,0,0,1.88354761864611,0.7543579021567772,1.7409352225972503,10.479699434066873,11.8823720672076,26.774459630446263,0.15009907182723628,0,0,5.093250286619638,0,0,0.4857781033860074,27.25587961735309,11.201322133813898,0.5083924688465568,0.8797492466767235,0,16.154490567219838,0
0,0,0,0,0,0,0,0,0.9607947246186719,0.19342177285956264,0,0,0,0,0.7132460954424185,0.27812684237922464,0,31.15314686886546,51.03412123491254,5.571116639913268,0.13719059217907245,0,0,9.214766148034224,0,0,0,13.414389649739942,10.44045006162453,1.782125426991888,1.2782154730380626,0,0,0
0,0,0,0,0,0,0,0,0.699665867927705,0.0894892864340156,0,0,0,0,0.5292962625269331,0.16959527516527484,0,10.854773588693382,40.95676386600538,7.637503485013839,0.17544994787096146,0,0,8.428754640819214,0,0,0,9.19683813808483,7.5230893422549725,1.2930814536613116,1.0755368995562378,0,0,0
0,0,5.971365226842796,0,0,0,0.7574833564470203,0,0,1.0844891409857456,0,0,0,0,3.225817568023665,1.313151987708271,0,6.315727552684102,5.01039708487401,7.368542818845015,0.1879531377342536,0,0,6.612559693501108,0,0,0,4.194294661994567,7.21010893115099,0,0.858573497964514,0,5.939693980782868,0
0,0,0,0,0,0,0.8381855421038055,0,1.1611788613321097,15.409137785559647,0,0,0,0,0.6180996301413053,0.24754794394443166,2.0215565989264817,0,6.053539435142117,13.97873679560345,0,1.2433863088886934,0,5.185538204879708,0,0,0,4.590784861564558,5.304392463685387,1.410376333144854,0.6321287932082972,0,7.726872790644144,0
0,0,0.7487273768607398,0,0,0,1.0336200700285705,0,0,0.8020660276378271,0,0,0,0,0.3785889600808489,0.15162429177744266,0,7.187491814741845,1.3124477066924354,13.953520020053958,0.21762034998686247,0,0,3.146392331866652,0.5938609232754899,0,21.317537777190925,4.676068120141196,3.517845065397269,7.986113022549201,4.044140465162531,0,1.3031623972440318,0
0,0,5.925932216514405,0,0,0,0,0,0.5353718584548026,0.10196118480508125,0,0,0,0,0,0,0,12.223008037833708,21.635978219537247,3.499613347599758,0.23869541880019118,5.626837903077865,0,13.135229911815571,0,0,0,10.906216588134827,16.43384811991618,6.329107866560652,8.164055907605215,0,5.894501940483054,0
0,0,0,0,0,0,0,0,2.700412296824886,0.1745675415192662,0,0,0,0,0.8188469254494564,0.41883681963840275,0,11.474014310411114,2.318082908855019,10.202195742603289,0.2259895840444632,0,0,9.299754456940391,0,0,0,49.24298346071612,38.27186523112519,0,2.1419445867816775,0,0,0
0,0,6.267057503089326,0,0,0,1.022962677569341,0,0.8894013188419733,0.7817089227848983,0,0,0,0,1.782058055658256,0.7137114894680678,0,28.9926493637052,13.989191595246028,14.194541229834975,0.3767776485059814,0,0,9.078732713717542,0,0,20.638185432733795,16.498756047577825,7.916910034492118,2.3284409470497662,1.0559958582861824,0,6.2338179485298735,0
0,0,3.468772567661395,0,0,0,0,0,0.3645732330257573,0.0592561556409316,0,0,0,0,0.2928396765378704,0.11728183661221364,0,4.8174651974031,0,2.1676559538652707,0.2266785766787451,0,0,8.90312496868934,0,0,0,7.068054651299307,0,103.1401221172452,4.534829340606617,0,2.360935235995489,0
0,0,0,0,0,0,0,0,0.6284822884721724,0.5909415758697253,0,0,0,0,1.1762922265745024,0,0,5.59570833119645,6.853255016836478,5.9554531907339,0.3065814577662019,0,0,9.85556756917336,0,0,9.098463913858433,4.471178206167473,8.034101824921285,0,1.4466909369609742,0,0,0
0,26.402517068191063,5.096590923465286,0,0,0,0,0,0.5144416829185038,1.1439014393292883,0,0,0,0,3.5044440071523573,1.4035243936978667,2.955449323175431,13.702027362607632,11.015809068325169,6.920652684429358,0.05984103673630737,0,0.30819210989112633,4.992567817602577,0,0,0,7.210722720645502,5.0836216865173975,3.076582773667669,0.666734292291433,0,5.077073468076687,0
0,0,2.014052902039779,0,0,0,0,0,0.7384312807631057,0.06956157401326753,0,0,0,0,0.591904985990505,0.23705702955834115,0,7.091881443165255,5.939337563043043,4.43542981587233,0.049931701496194164,0,0,6.251229030482865,0,0,0,10.849418084499568,4.677899297199029,1.3050345242245172,2.285144958714363,0,2.0033706606067025,0
0.32301493754751975,7.141151617981293,194.9186218314865,0.09172680775163981,0.4761541725203261,0.2514398572389199,0.3369206002283273,0.1588108329395212,2.678223163361592,0.03862580105843334,6.584740989273275,0.20978909325992448,3.3493400204977437,0.4637684050486954,5.332548253425473,2.076260159263312,3.0291892468823827,8.546819489761752,1.2597830999887136,7.284724449681594,0.03414566437544122,2.9848013398189908,0.16709628455289413,0,0,1.3323049207364424,10.477715277336918,5.015222367869489,1.748484782382993,3.35924279482779,1.0826541642659235,0,17.490500385679415,0.9571063652867096
0.4357369798143741,91.7776629397617,571.8353001082667,0,0.8070968163586976,3.469571822371876,0,0,0,0,27.862585884819545,0,0,0,22.41850412606586,9.100421307571779,17.906365164132254,2.439906308123015,0.8670335186615311,1.3316284792707982,0.059192573080512643,7.022910339706974,0.24793407592938857,0,0,0,0,1.8249053849709134,3.4103875703444375,1.8230582441723617,0.7855397993181287,0,124.2879865197549,2.688441948295475
3.7062193822363305,7.738134166251829,35.74002326262852,1.4652796618996484,3.685007310109732,0.14524888484412005,3.4341793466554025,0,1.4838917432852692,0.29071819442413577,2.2099765174409334,2.849394091496425,0,8.151476036880378,1.1967310968984453,0.4792889496210319,2.3011538096486723,3.222217968366432,3.222993269734224,3.3849135649010886,0.038340413648863376,3.8813720156973117,1.0726371265103267,0,0,0.4246599496719753,0,4.3953491501314135,2.5690174383437308,3.7645292809025226,1.2417740717506618,0,2.7744263030617176,8.848427808312426
0.2481007240185836,4.115488746351353,13.073591534994858,0,0.17239456200896558,0,0,0,0.3246013188436526,0.09509090589019063,1.2985317268759806,0,0,0,0.3508672738943518,0.1405217994226563,0.5997221176087174,0.9673746336343333,1.2213013037693379,1.0582091948164118,0.02652621641985315,1.0868759460378965,0.13517087220810317,0,0,0.13855543755286087,0,1.5680051422920454,1.530261652833029,1.0384552526710114,0.11435407291498419,0,2.3675905958496184,0.7058762137805501
2.605443396365923,44.75997053770529,608.1950900652323,0.9224417334356273,4.215762900221976,1.69047300027393,3.6039626334196773,1.4450593722853846,1.3889977895379895,0.0148140389102329,20.44654585831444,2.082956263641867,0,4.884915076931771,14.734898461527077,5.901303997782868,12.482823037360467,27.699957554326943,26.65097967653532,3.4148082350452693,0.0926087158431848,40.624481317905,3.6672623461766167,0,0,0.971936118823571,0,5.441125642010169,7.405327182956099,51.81097132612491,35.64454428271405,0,81.29318107242793,3.902857938996603
0,0,80.41891036970095,0,0.13485608741452187,0,0,0,0.23243510727152955,0.049907111322088964,5.514709920836403,0,0,0,2.015812951891855,0.7991442272489664,2.7361315738962246,7.935056059898198,3.1442820324016667,1.2294274461923125,0.051573125124924575,5.544687667373374,1.4739896696602903,0,0,0,0,1.769841373274625,4.042090105840788,1.8642490412930486,1.0961342133273775,0,7.184353618018828,0
0,68.97378027194746,125.70709623286388,0,0.10845755721383159,0,0,0,0.2025873130856798,0.09107023129795351,9.003608034018617,0.11126719333167072,0,0,2.426822189038268,0.9719385256351118,4.3022270964343345,7.851046486713017,1.6741093740432664,1.288668595707859,0.07009486829356153,2.1566561447490136,5.575317864035136,0,0,0,0,2.6768096511079893,5.4113936636424524,16.18953114807121,1.179101903353006,0,13.050838640406273,0.7513901130396777
1.7070339891762087,7.844743092936777,222.77067591612683,0.9931043706589769,1.4833777364034246,0.8022146096085239,1.614484708685741,0,1.397758038446666,0.09210467670275238,7.1201828306902915,2.3305902771916918,0,0,5.005526328242388,2.0047055369258966,5.307957722548587,2.8550059662042435,2.1581061839604967,1.2261565745811827,0.050762545555181164,6.014332066595703,0.3341295376895103,0,0,0.46624439012003827,0,2.229994755843963,1.110318066363295,1.0094755060537433,3.5215622199238124,0,11.402670975885279,2.975820323039931
0,102.41056561978317,862.4923901412529,0,0.7925442833654492,1.044962808490472,0.4596643616553139,0,1.9376411628065355,0.8851924989404384,29.202043102759248,0,0,0.19803709771345016,26.265592873074198,10.519329239405302,14.911119691654656,4.934297882624638,2.0934097143340353,11.34813373409587,0.16019078747054175,25.141328954171048,0.25552936159088374,0,0,0.2650896771175237,17.337149997242626,17.462009810303933,5.240130904365046,0.47648894957354043,0,0.6307597510041348,112.5486831486672,1.0501058850725082
0,0,235.80239569813494,0,0,0,0,0,2.360546113116414,3.3306409537227974,0,0,0,0,15.938794909516101,6.383462659410858,32.5981671065077,24.842752384636174,170.51203244271792,27.577431201439985,0.5592391096552234,43.584014378327986,0,0,83.70633013821913,0,42.13151452749393,4.8254787215318355,26.674022659090866,28.12540304859592,17.661957639972254,0,71.24809616227125,0
0,0,224.3414062375751,0,0,0,0,0,4.9937090740076275,3.337550268313341,0,0,0,0,10.8416460591319,4.34206244436321,15.28464751947975,6.363505248428815,0.6637689740896674,27.126361560542,0.08328705079113556,8.392808011580582,0,8.311283070288175,40.69994327619581,0,39.57049437644366,12.594439122422184,16.48080849018874,21.572454587243726,28.109574097540204,0,22.924816395603557,0
0,0,0,0,0,0,0.6717832212231483,0,0.5352669452942197,0.09257310481058582,0,0,4.198888118339974,0,0,0,1.6850450423272991,3.9832523348777387,4.5956675081516565,5.5824459158847795,0.11017802801737324,0,0.04248317457135068,5.6264346098555045,0,0,0,1.9769299390019706,2.237633125043864,3.6629711777719773,2.4680812961640206,0,1.206767023872933,0
0,0,60.37906780687179,0,0,0,0,0,1.6466120553494275,0.06800014698715602,0,0,0,0,2.0351946392680076,0.8150922988941891,0,8.263452120523255,9.708906773315002,9.111752930345352,0.6822242948745425,2.158185838793166,0,45.17232898496399,0,0,0.9789820429596292,13.48455107014444,16.731390546946756,5.355405578883121,50.74061482279095,0,60.05882607977322,0
0,0,159.81066778855723,0,0.3018768030081909,0,0,0,0.8923388873382959,0.6972552385100924,0,0,0,0,3.8106746676955696,1.5261692986509516,13.44656287358604,3.7234164429450387,0,8.39883083029938,0.18665621042266414,49.35790120331689,0,10.264971373793742,0,0,0,13.455113566109823,12.337116676357446,16.687948392562863,9.239668255197245,0,158.96305542685133,0
0,0,62.11728514026699,0,0,0,0,0,4.2230694529455555,13.97756293450714,0,0,0,0,3.754174112374785,1.5035409138092048,5.414178326935982,4.972509043202977,1.8413455469582125,57.97265434027813,0.13107071642750967,2.218693736539646,0,3.624516744547358,0,0,0,17.03219782193459,9.433863080365313,1.3623060709518187,1.1516891170153476,0,61.78782416316775,0
0,63.186987360925144,380.2786131241919,0,0,1.6722532478185208,0,0.765860653309558,5.333365431394934,4.574337097858438,19.725234078316355,0,0,0,18.046465313093723,7.2275813895885355,9.58765317562802,5.381945752306408,3.283992798239173,18.769138409899284,2.773701965215737,12.808992225547872,0,0,0,0,0,5.554136342146384,7.043637270379124,10.479575138021929,2.597877067071044,0,378.2616710899911,0
0,0,0,0,0,0,0,0,0.38807378099633844,0.3020580582012706,0,0,0,0,0.37682698850119867,0.24815952191312754,2.752225604864012,0,0,6.440602024675219,0.28834341744697517,5.4167174295130165,0,8.394759317256748,0,0,0,3.4071773341975784,3.3478751422245314,20.605803751265356,2.1826362274186786,0,20.584813339794444,0
1.2188991465283934,0,4.648951667308131,0,0,0,1.8313075207873042,0,0.22934016903433246,0.030662523225264672,0,0,0,0,0.5188418978210083,0.2077953759792008,0.3888903119307077,1.8055460624354365,2.0439715289727243,3.9675855373262054,0.0666904341006392,0.43797406697487273,0,3.2165728617977565,0,0,6.061799413317296,1.2107486617922576,1.255952251095193,8.060239258703756,2.0723060497459196,0,4.624294308968341,0
0,46.53404186593743,143.27909537481509,0,0.3163116605324911,0,0,0,1.8326755456432922,18.550026319934243,0,0,0,0,9.413744290983344,3.770189999173451,8.749007852833882,42.86989826410156,8.000550281064275,57.343313060060694,0.2943417062630764,22.248720008179735,0,0,28.868264881487157,0,86.67087039716051,18.099325665287417,26.598810017472147,3.3237275563917903,2.1913881995705182,0,142.51916405049064,0
0,0,26.281323763192063,0,0,0,0,0,1.9204878610512228,1.8569075729652804,0,0,0,0,1.7907504487845305,0.7466896553185138,4.124753827671374,2.812451378740022,0,16.648773046702193,0.15506387169191466,6.621663093625505,0,5.241119516103005,0,0,25.4352197765779,10.31145685931591,7.471870217755269,2.954042302066461,1.7202152160512245,0,7.382940968504944,0
0,0,0,0,0.09774908953955455,0,0.44525850702076936,0,0.2649057304719531,0.15832870044770656,0,0,0,0,0,0,0,1.878394677926513,0.6293202045483048,1.542042370902975,0,0.6197102177204452,0,2.1612057694236926,0,0,0,2.447270408029761,5.360744908012456,0.09545257787883592,0.6849172689172376,0,0,0
0,0,123.65408533384418,0,0,0,0,0,0,0.06452597185405792,0,0,0,0,3.2471961565234215,1.3004970282021797,15.14126433449401,6.8484845972943145,0,3.748199590045622,0.4552822798356308,3.290669329480797,0.2829480276718,16.500714804432967,0,0,0,13.365457433489867,11.777736913539966,187.70577453246275,10.79246427982664,0,10.062152687847101,0
0,29.246656632222308,30.36090592339191,0,0.09292439531268247,0,0,0.5954885885189648,0.8239879632185029,0.35249215114467214,3.732745830770219,0,0,0,2.5434647076111143,1.0186536735516494,1.7760494719815128,3.0340211300072206,5.342348789030144,5.602820339607739,0.09050120896185192,1.1628082587295818,0.9103627453026971,0,0,2.308960472844269,8.424722821558111,27.53093095173131,4.8331917281246355,0.7086708957653035,0.27050635765858144,0,9.261362615076058,0.9163574590908119
0.4739656749204324,7.118649862541999,235.2260115932325,0.12105299002849502,0.5433860904460068,0.4637854352571515,0.49295952568311324,0,0,0.66571441258264,11.829172146209688,0.2735937522610793,0,0.4273284578402756,3.5366293546739684,1.4164145754996103,6.115878077131495,2.4224776204923195,0.7975310255771041,9.341298679948775,0.043345742492028945,2.4683596339125873,0.5035264689365503,0,0,0,0,14.679127426815604,3.445142046805261,0.765942442492605,0.2669854493216345,0,15.169067930753595,1.300350175944896
0,0,1.9010639191090792,0,0.02263291519435111,0,0,0.04194967432704855,0.2616009659135901,1.083474213418773,0,0,0,0,0.15340899220154786,0.04822057060871199,0,2.0289301565790168,0.41664526439441046,4.056794449088975,0.010274096046497743,0.029843197694717574,0,0,0,0,6.19778154891831,3.734727586559528,0.8131178606545446,0.21420934369025252,0,0,0.6290388507289972,0
1.1885266236276166,39.64754426073254,15.91051071673529,0.9461719205345408,0.6109318096222159,0,0.5579328700552427,0.43978093401410123,0.4757287266633946,0.09003578589315463,0,0.7529888065945108,0,2.5053865242219637,0.3213836161282044,0.12871364018091316,1.4146653220684775,7.944292714541595,2.4725814391785734,1.9386401220089031,0.23626368009096094,8.904788109858208,0,2.415962135874939,2.4932038761836988,1.3242907887443103,0,7.1745915434943,18.313403668557882,0.7565691713315301,1.2077721569538598,0,2.347839205314783,2.62238928583277
0,12.104297956429951,6.862003312924042,0,0,0,0.13942809307005605,0,0.5687867001004728,0.08021831346647855,0,0,0,0,0.1956963101131537,0.07837606891133089,0,4.98114091688758,0.6624918489749632,1.9958346926392734,0.0709662413310357,2.4890529950098736,2.981007801450236,0,0,0,0,7.397632549167375,4.230920226305175,0.3098339081958971,0.157032511827834,0,1.2389703780058168,0
0,25.30994707695266,4.503048033189405,0.7279017123911423,0.8268270699856622,0,0.8753761668235991,12.017418002786412,0.46717830407588407,0.09436874589061406,0,0,0,2.606577454546883,0.260771793788236,0.10443869926960059,0,90.88846177067659,21.429789730623824,0.175603777558421,0.07499887469050917,6.693261273192092,0.4230983817658627,4.193521293684167,0,0.5078288305681012,0,4.080966378827272,18.729050476209157,10.44861754519636,14.587324434733329,0,0,2.349634510489261
0,0,1.271368870970939,0,0,0,0,0,0.4669684777547181,0.0702837340128441,0,0,0,0,0.2456188382032439,0.09836996404177245,0.4725792729632001,2.289260869296185,0.9257140568266227,1.993459199290408,0,0,3.5090219756107768,2.2590726748328183,0,0,0,2.1738558477347922,2.871198865514591,1.2790645435764014,0.7191958265119425,0,0,1.6815496210032936
0,0,17.160512043656297,0,0,0,0,0.5295649686022137,0.39971914182104606,0.031111433495271727,0,0,0,0,0.37295065102596814,0.15811642713744486,0.6140604361072913,7.418243240565277,0.7835834749823086,0,0.05175550552811684,0.19767046370549524,0.17831587665037252,0,0,0,2.4901955404939513,5.380149700043027,2.2461126089068437,0.13586943517888356,0.08105633978557159,0,2.061551387073446,0
0,37.538553511602125,25.38572150021033,0,0.16054856480152357,0.9084783155460598,0.1847771354655355,0,0.7734198198175202,0.0014638378369795355,0,0,23.409143494761075,0,1.5586400593586052,0.6242329282019505,1.8503746331782018,8.855202798659448,20.320505742836303,12.219903247077884,0.036759783487863726,0,1.1828475578723543,0,5.642368772189899,0,0,26.757054393383918,8.185857968854707,1.1400133558015566,1.164238640302037,0,13.539470867115897,0.9572706753923382
0,15.592070049520514,121.64229868647635,0.06350926602890515,0,0.5054617552449736,0,0.11890471514261303,0.9837707067863384,1.222987718201836,8.03759592203537,0,0,0,9.847306764349279,3.9438310978239444,4.528275076845524,4.678310596793354,6.277876544106599,20.927657850884305,0.1314760062123814,0,0.6067088973835845,0,0,0.7282174603517328,0.4033401550325289,20.944625329114704,13.526716015610038,0.49170976604611155,0.34829328255984515,0,45.3491926679821,0
0,44.387045103046745,10.813056458156876,0.03133229375573999,0,0,0,0,0.22750418872413083,1.0757451496395212,1.8015742212008845,0.08546383858855663,0,0,1.3125513620674545,0.5256747863236563,1.3311226704084194,1.5129970186407058,0.46107577496385554,5.090408151231751,0.014833606126304435,0,4.2069373323485815,0,0,0,0,3.6393305299162244,1.972183453082146,0.5505291924146916,0.05600759190272042,0,5.505056044502712,0
0,18.250981748655132,77.3068031206508,0,0,0,0.20381344337546936,0.2400800486520487,1.049865997953598,4.984641084644888,3.9441942012661104,0,0,0,7.817867898908129,3.1310439774271477,2.1991761770618767,3.101591657130642,2.8026174556626513,26.897583278020523,0.02476320585566123,0,0.8458185750340576,0,0,0,41.092874544936805,11.37047412064426,13.830722623163961,0.3893777230949271,0.06797868024834006,0,34.08005826723451,0
0,150.14872581337454,21.829536252344667,0,0,0,0,0.5953561357809001,0.5045273892434149,0.08306791778913204,0,0,0,0,1.6184296282947368,0.64817855789935,0.6566364634857097,53.19785265759834,249.24837536634556,4.125720302257586,0.026303307038173712,0,0.15102327340201221,3.2911331573412035,0,0.5309807674342605,0,19.274969187413497,12.65488818596697,0.5870763506115431,0.5483060254436959,0,5.958586615207493,0
0,15.880476695455853,4.138396864781731,0,0,0,0,0.16426031701989557,0.2856260796870861,0.06534572104276647,0,0,0,0,0.502631759288226,0.19631652795137083,0.8714186222194489,2.242637755381896,8.481320669639095,1.0817996710732196,0,0,28.676521024159378,2.352142694095093,0,0,0,2.801595352858052,3.794473967205247,1.134595777057082,0.5836911542300127,0,1.375083221474139,0
0,63.17752015894153,67.86450698836379,0,0.20765797753707937,0,0,0,1.203301495306165,0.743278300104729,6.150760261118401,0,18.367149349462984,0,5.840700856996603,2.314963744891219,4.210637429290383,22.52737597393753,18.50957593874144,10.717769164435843,0.040103424213055294,0,0.9307849241767588,0,0,0,16.374108377076713,84.23699349548097,13.426787389637342,0.46909352462076576,0,0,21.531055228732345,0
0,0,48.891314957804944,0,0,0.23976612362976552,0,0,1.2457913253422603,8.227607910851525,4.251135384244018,0,0,0,4.924828029894407,1.9553088548389232,2.7434470425179462,1.719062385327917,0.515723286450934,68.92846621129603,0,0,0.47837693384164093,0,0,0.2674048708041396,0.19357424107112095,21.041023993779103,5.047612398543218,0.2880775999045949,0,0,25.367977529151677,0
0.9039508143702253,18.251804983610228,54.86365143665001,0.399163391890733,0.5054945894447189,0,0,0,0.3250734280662759,0.09819424210458724,0,0,0,0,2.3919351517611935,0.957966321273368,1.6525643616468562,1.5430161462317458,0.9948804643545486,2.572001467893651,0.026445158462878808,0,8.445232794295453,0,4.831847512072615,1.3451275319238538,3.9293840103438935,4.066357559397645,7.226915800511695,0.716754267225313,0.3163787634199474,0,12.72343787338862,0
0,0,6.321879282772989,0,0,0,0,0.2737798095796416,0.4605163183788666,0.11170058588045176,0,0,0,0,1.1007623781934952,0.44085362651145366,1.7930213591839064,2.4928521320610577,2.5561995256360466,0.10176248046023377,0.03266635666065949,0,2.3728176657841193,3.917908900507481,0,0,0,2.8237773061057134,4.742427028658567,0.6136482844534893,0.8426036637219332,0,4.645548522696044,2.8405931061075766
0,0,0,0,0,0,0,0,0.2623353580376708,0.04129974484064929,0,0,1.1034730585243007,0,0.47267824243417195,0.18930690354093369,0.5035968599192987,0.2634645776854632,0.4268622653120438,1.3564797943050806,0,0,0,0.8612496236270338,0,0,0,0.6463547566372663,0.6628446757823616,0,0.20765814384407838,0,1.1042530132165862,1.2543433463688825
0,37.66203875486654,90.43327393132478,0.17820077097304185,0.5473870563902422,0,0,0,0.7479259217958629,0.3224151630541993,5.079876578284368,0.628585359939073,0,0.7416930793344502,2.742919890427522,1.0664978884873177,3.698847244514756,1.5955221294724837,0,4.9549136652176315,0.08981221632757003,0,21.548865440030436,0,0,0.6413086511926118,7.569886242983149,7.524958915166069,3.081512880071282,2.143555323230399,0.2714117340880821,0,10.31924279834129,0
1.782298924678595,15.27224326946567,20.010812919650224,0.36466355369464865,1.816595439308126,0,2.2381259156965085,0.7829092128804515,3.729767771884517,0.5356280234697253,1.0845255131886062,0,0,0,2.1504275805771336,0.8412960626298501,1.0285548882140239,3.95950093722329,3.137560321271645,2.2625112305880344,0.06750101367038261,10.04674720531934,0.5582692539739659,0,0,1.4762031129507247,3.266195422099655,22.19648877869971,12.10630740708261,1.3766669542903462,1.2489667844961392,0,5.471349867176961,2.4501922951339763
0,105.85594111268628,0,0,0,0,0,0,0.2549389802165727,0.08796689508355689,0,0,3.862558334265309,0,1.0082001378758692,0.4037825927166585,0.2970080260418874,13.475564383582919,14.14560581324164,4.283489606673758,0.1599881425781059,0,0,0,0,0,0,2.284106018447015,2.628297776201963,1.8829955836151984,0.5976238915062171,0,4.858627382541958,0
0,0,0,0,0,0,0,0,0.6720737066943888,0.26708209281637285,0,0,0,0,0.8242503049603838,0,0,0,0,5.067128316412872,0,0,0,9.674172276728848,0,0,0,6.981965220413007,5.493298633332403,1.3631660040858622,1.2873949840593886,0,0,0
0.43987549910108503,0,53.224178056818886,0,0,0,0,0,0.6616873037966765,0.17156179449400155,0,0,0,0,4.12865180543645,1.6458504026788183,2.317101531244025,5.27654892521479,0,4.044953528396169,0.48417944149698344,0,4.205834282563718,11.5595570927086,0,0,0,14.97689816264793,22.694711153509182,3.442312335576398,1.4993285165983312,0,12.06015612276499,0
0,0,0,0,0,0,0,0,0.5654294789618184,0.08027686697995773,0,0,0,0,0.7720959462027366,0.30922322986445255,0,0,0,4.1651717648745095,0.2764076332825034,0,0,26.832373323681303,0,0,0,13.039079795396518,13.011102557394755,261.87010572485633,17.1582162543362,0,0,0
0,43.604560278227886,8.578961019158456,0,0,0,0,0,0,0.10063397183288647,0,0,0,0,1.0573004125621226,0.42344717663318693,0,5.541497965253657,3.9597600266959296,6.1836101903795235,0.21267581461142765,0,0,6.523713019650735,0,0,0,3.598802049257776,8.204680141555043,8.35657221669517,1.9759589080398927,0,8.533459467159107,0
0,30.83289318486668,23.418828278725197,0,0,0,1.1749591438154539,0,0.56076084331587694,5.7058056744923125,0,0,0,0,1.4515121873158703,0.5813283814749796,0,3.640836352026098,2.6229461171571646,31.02584353085882,0.15607709615409393,0,0,6.4786118618569715,0,0,0,3.959478654707644,7.620052050105192,1.1534283126926363,0.9100793570649951,0,23.29461824556284,0
0,91.47594732871896,9.68133204173448,0,0,0,0,0,0.6472617442165207,3.47091565418109,0,0,0,0,2.698518206620336,1.0807523596038444,0,4.23792009861711,1.851932241987997,23.536388100556564,0.23006274638242383,0,0,8.541950725871539,0,0,0,7.632521844846086,9.090577069984223,1.537904416923515,1.208526637311777,0,9.629983675383802,0
0,43.128730474182326,51.09692033807012,0,0,0,0.50251442926725,0,0.5012226246850519,2.5075151790702916,0,0,0,0,10.954177310685562,4.387131036210182,3.1288259295102274,5.416473247044821,8.818112005808844,11.53610835009415,0.09718849041223507,0,0,0,0,0,17.624328857626047,3.915896491058053,7.034283220915926,4.831964280190802,1.4114818535915048,0,36.250671680304656,0
0,0,107.7785396891906,0,0,0,0,0.8284729547746927,0,3.898395338254767,0,0,0,0,13.85978591030079,5.55082277726101,0,8.270324631418639,5.811524225905676,19.634567182942405,0.08221303286122554,0,0,0,0,0,29.99677694657791,3.7303302830522824,10.868112640130969,2.486840630340591,0.5542915696165057,0,107.20689810961821,0
0,34.79100684896883,0,0,0,0,0,0,0.7460374849053697,0.9126736146000008,2.788901693113153,0,0.8761216402391918,0,5.325500367106872,2.132854643597244,2.5032070529806165,1.6532512209937142,0.5817640983033996,9.93555575070605,0.23472357890844844,0,0.15776763494375481,0,0,0,0,1.7699146616664125,0.25138057317560764,5.643311192160907,0.8446910593788374,0,26.341162891047425,0
0,0,13.626233924286273,0,0,0,0,0.6173811339390799,0,0.7379108947024706,0,0,0,0,2.152424481700737,0.8684877600072507,3.9077770283511186,1.9269420948915097,1.641811552063511,7.629445080653458,0.2044889609570192,0,0,0,0,0,11.655910730201871,2.698429726685281,6.876747339102805,0.5927519092962307,0.4047032639867881,0,13.410550106070586,0
0,0,0,0,0,0,0,0,0.20966895142502903,0.02312863782427666,0,0,0,0,0.4150030393936206,0.16620807410788238,1.5074254641919043,7.3428655410646995,31.219121777609537,6.022460376197659,0,0,0.10488427668653937,5.779830686421113,0,0,0.1339163014736324,3.4157765055006366,3.345555642154389,5.378107813621871,6.160306973048705,0,3.6525044257516828,0
0,0,2.6345750146009284,0,0,0,0.9501249125548837,0,0.9219243986226883,0.12157661182060703,0,0,0,0,0.4522393721102291,0.2583211250853049,0,4.488629296080739,3.4120750038217413,7.357962736929684,0,0,0,6.726277179221569,0,0,0,5.461695250638507,7.564079851691261,0.6022971670841143,0.860183056061404,0,2.620601614820309,0
0,0,1.4083154032909562,0,0,0,0,0,0,0.15083385072237135,0,0,0,0,0.20650306913500852,0.11078970125221144,0,11.289556117978993,39.1546731120465,6.944151795557364,0.08284123202777668,0,0,4.6766511527789785,0,0,0,1.765028768880584,3.444381554978985,1.972342636242325,0.6156559720604382,0,1.4008459047804462,0
0,0,6.08888671911742,0,0,0,0,0,0.36216023033234934,0.0831850248160904,0,0,0,0,3.1645009570518368,1.2673777289743424,0,1.7367109933072646,0,1.9071008795462772,0.12837553935811283,0,0,23.68379110900848,0,0,0.38756723230319756,5.232840032550295,5.033809471896305,2.975454637104146,36.58643756153789,0,6.0565921562852365,0
0,0,9.32099754889245,0,0,0,0,0,1.477911693132041,0.08107709833083987,0,0,0,0,4.626467509073632,1.852893067311932,0,8.052878386688672,31.321762306564974,6.112053021501399,0.3231375454782111,0,0,29.14947789287766,0,0,0,17.16646215568916,17.896730196941135,4.172395566379387,54.465584947209244,0,18.103008181286864,0
0,0,0,0,0,0,0,0,0,0.15112661828976726,0,0,4.458449891045642,0,0,0.11582345837916967,0,0,0,2.9792158469664307,0.03795538835323525,0,0,6.911270136276219,0,0,4.5515071661370765,2.93962182405771,0,4.120283618456346,0.9666402345635214,0,0,0
0,0,82.18518609427284,0.017738248865928622,0,0,0.5803501438487941,20.67127440969981,0.8227814618717989,1.8695160962011308,0,0,0,0,3.3061634720557165,1.3033196957500066,1.7919971935768655,103.67276151835814,107.95746967639381,10.040753560009257,0.24682147898686888,0,0,0,0,0,15.235554606115564,6.0345661797769115,40.567067587418165,0.4450153968675459,0.35563689137690596,0,81.74928791146334,0
0,0,0,0,0,0,0,0,0,0.875511651378547,0,0,0,0,0.27968362207648195,0.11201285718960316,0,3.9967774363198556,33.95072435518351,4.308085099347394,0.042535162922285534,0,0.5078441209515911,3.6082490437015147,0,0,0,3.020825362158181,1.7822886440609715,4.638909291598021,1.5225162129316532,0,2.474935109625898,0
0,0,10.775069713179219,0,0,0,0,0,0,0.01584848431503177,0,0,0,0,0.4784340162610294,0.19161208203832578,0,0,0,1.487259839672991,0.11374457812424425,0,0,8.265973352227157,0,0,0,4.700277718894977,5.13423241755608,2.5807453285781485,1.5334058794309249,0,10.717920322506393,0
0,12.032813721162437,0,0,0,0,0,0,0,0.07701738806294996,0,0,0,0,0.06812956774647608,0.027285786295661415,0,1.140012107326394,0.12065471478389397,1.1454811658485677,0.019919992926444342,0,0.05899740563617839,0.34959914798518354,0,0,1.7500127559886585,0.22086678338338211,0,0.2616776526894574,0.0403646991485704,0,0.5375813249916073,0
0,18.638862618331252,0.9265744101652222,0,0,0,0,0,0,0.10235154156160912,0,0,0,0,0.09796561982855352,0.0392350789147959,0,1.0263682671603145,0.04066635233663279,1.3740767181124436,0,0,0.06082531670823947,0.28682250754160993,0,0,2.0992503902257114,0.5550374204701296,0,0.27707045578883727,0.02658285794394948,0,0.6835698637273472,0
0,508.5591561553138,18.10834608098231,0,0.34533827620635565,0,0,0.42500299281003046,0.6386064084684272,0.30332671765998614,3.496571642756662,0,26.2364073540256,0,2.6509449739697795,1.0616993536560118,2.1059771068211464,4.324073895201651,0.9101532955606219,5.47065154428203,0.1587317442450036,0,0.012448704714898753,2.736727826912202,4.939027678705604,0,8.357806545837391,2.6832101706574245,14.041987252503498,0.3702012142057555,0.637586201130565,0.14263626055205217,19.407244023668657,0
0,14.57633532075775,0,0,0,0,0,0.11856412238758963,0,0.07270394590331693,0,0,0,0,0.2477332040988242,0.09921676430612056,0,0.9128893672557243,0.28829419036664133,0,0.013962233088830267,0,0.06192836649310392,0.5975251656838484,0,0,2.702613538808079,0,0.9798176689742941,0.2729427767454281,0.06823017370097913,0,2.5198051163843824,0
0,78.69302935763811,12.278891563360022,0,0,0,0.22953818379429888,0,1.4582929321030291,0.8629031281426967,3.106926863254152,0,10.385691943668752,0,1.1444592733688213,0.45835416530798134,2.671755450025077,1.3675746880943682,0.24537606480145122,9.134064294798925,0.038502529562812055,0,0.0364636743168047,0.4014785144647149,0,0,13.954597863752083,1.2995741926386217,8.531425454714626,0.06741875770901565,0.40160989451932755,0,8.835526928925557,0
0,0.6673691369312547,0,0,0,0,0,0.05493004265738473,0,0.040479995651940756,0,0,0.45899755049295893,0,0.05861492121636476,0.023475185106094906,0,0.3256470562669029,0,0,0,0,0.02237615277867877,0.19990501616333986,0,0,0,0,0,0.26752519800095365,0.024897851811267725,0,1.419953228232624,0
0,42.27105685679802,0,0,0,0,0,0.27711004985098153,0.5588724064253838,2.6554018362808773,0,0,14.78616319675739,0,0.7052584909480041,0.2824549326192261,0,0,0,14.94146943082124,0.7847423459578405,0,0.08657365025778956,0.9329943555625465,0,0,22.826880857339646,4.405975966940591,5.314621078748802,0.5545708781446963,0,0,3.448549849576752,0
0,79.6070945694465,6.774266882052352,0,0,0,0,0,0.1914665180638869,0.05109769942949899,0,0,19.94733565341155,0,0.44483909147569806,0.17815736672701687,0,0,0.3545702621086578,3.025976519887555,0.17857067921447362,0.07740535140086927,0,0.48432908063152424,0,0,4.622945943596118,2.9542550729512667,1.2105128644751884,0.5145839874116704,0,0,1.887116552186992,0
0,22.71771740918083,0,0,0.47489896751821303,0,0.7357275759785245,0,0.6305280951035399,0.07801279779209605,0,0,5.191503873733519,0,0.18089574884409165,0.0724484670608941,0,0,0.7586795352455773,3.8997012466259418,0.4687986941611022,0,0,1.6091988820681162,0,0,5.9577818733359,4.913571368460325,5.324507472490393,1.1059600036934314,0,0,0.7812533712637615,0
0,4.59790443003768,0,0,0,0,0,0,0,0.3840329770721245,0,0,0,0,0.2514920768020781,0.10213352077220851,0,0,0,3.5804532135642173,0.143269938952148,0,0,1.5391226322706388,0,0,5.470049602532099,3.9387380398318013,6.787845844611114,0.8795396094997602,0,0,0.8862363057369628,0
0,0,0,0,0,0,0,1.0945137400874139,0,0.17054686692702908,0,0,0,0,0,0,0,1.938597873370082,3.1959383824358856,0.6809077589135735,0.05412645076961632,0,0,0.49986682054197684,0,0,0,0,0,0.3171433398352675,0.09536631724073455,0,0,0
0,2.4802697138787604,5.219616177086106,0,0.28450005876018825,0,0.2744462306397413,0.13990793503572257,0.44719234698483173,0.0740701945511645,0.8500565539693714,0,0,0.1562713120668768,0.15399631606143127,0.06167528592002089,0.44463418282822453,1.186030440281889,0.3395472377330587,0.5124670074532692,0.4021487890389501,4.693299621132523,0,0,0,0,0.7829232176001711,0.22120879587839012,0.6782066106731415,1.7952824039427546,1.5798567201333606,0,0.9288520777061456,0.44330866498601584
0.9515087139700555,19.902253862752097,43.644503724655294,0.2549873274477239,1.0146371184268288,0,1.2448569384963306,0,0.5678949382355177,0.34304551763669755,2.8119222818364964,0.646960476195533,0.7896905225440264,0,1.7383611604829299,0.6962109506715402,1.328196482959731,0,0.14515535185282397,2.26453953644745,0.3179093072533661,3.4559046139167604,0.06936607361390419,0,0,0.6276846268059874,3.4596579964611878,1.818700301132911,2.9724203275919567,52.833173842562495,2.8341048671349203,0,7.880590134371776,1.5155964143183878
0,4.595160313520693,11.412642694224658,0,0.3704031510923008,0,0.30884388354263337,0.05933882665296538,0.32255551221228507,0.40835220300381125,0,0.05152851750215812,0,0.15809330942729777,0.37248079193806144,0.1491779799026592,0,2.102988333987681,0,4.497612922535317,0.9415692282139471,1.9655860275673618,0.49744393726572633,0,0,0,6.871243474444661,1.389450190433939,1.9783054122836696,3.0202571533878158,0.23519667690805632,0,1.4794220888646827,0.6166558264242096
0,10.935990349322708,87.45865279904034,0.1338551488082203,2.188410696027804,0,1.2846935365163465,0.11303895102832118,0.27550195969083124,0.30998230035878643,2.651630775170256,0,0,0,1.9026943764783093,0.7620261489950407,2.8681026278320783,0,0,1.480772915528013,0.31136387722768805,1.998162845174315,0.17730737398992502,0,0,0.1569879411347646,2.262255869547066,1.5005309629197523,3.188400006254406,1.4426238256714878,4.413257405600891,0,8.82189417567597,0.7408742662794461
0,0,5.725962220936004,0,0,0,0,0,0.6966233862707994,0.1670922096317574,0,0,0,0,1.3429747380094155,0.537859301238443,0,3.8415136701713273,4.63377961025888,3.2312739643067907,0.13210420537893253,0,0,0,0,0,0,17.684073637419843,11.017435210220306,1.0500643499805995,1.6924251895346076,0,16.168660043038308,0
0,425.27604309971144,46.57638976883987,0,0,0,0,0,0.4620900157876109,0.14482235667184204,0,0,56.74847083776017,0,5.153062081845102,1.9514041647310958,6.30110574263348,6.1283554156323365,3.565766928809693,3.2680758381884414,0.24207958850386993,0,0,0,8.408813073180445,0,0,16.502005166280398,15.577001979250754,0,2.110256411749155,0,0,0
0,64.62284632843863,9.800796038013644,0,0,0,0,0,0.7317692950660883,0.21219793284855348,0,0,12.657864028418985,0,1.5643958331854626,0.6282317072280389,1.4685071711243467,1.2927467894654208,1.8491763404246881,6.195780025536018,0.05481544340389822,0,0.2099891633300516,0,0,0,0,17.950965530845732,2.4987479935958072,0.6773693296861176,0,0,10.99293696680122,0
0,65.91628564872047,14.132256217468749,0,0,0,0,0.27113075481834853,1.0640292746322964,0.4415715629843335,0,0,0,0,6.99949083254658,2.769413220091373,2.292082628557738,2.0163397166186723,0.7547473342345145,8.065000922680776,0.06513006842888314,0,2.1132542935514453,0,0,0,12.321332652637873,13.072035142236931,3.453203260163789,0.6041890199790101,0.14893442265285603,0,30.1312829834603,0
0,98.913326324709,7.1179821739666584,0,0,0,0,8.819838609528132,1.2129535060797965,1.4220111105175737,0,0,0,0,1.3698741707920759,0.5486324823793163,0,43.934587652014535,10.482340464490978,17.276213932240537,0.5436557174269062,0,0,2.74814650154438,0,0,26.393794728360287,24.232880032905214,38.888662126826524,0.6067688193811408,4.361147962214076,0,6.036304043181519,0
0,0,12.310619128767497,0,0,0,0,0,0.5986344942863225,0.1163067956074807,0,0,0,0,1.2892933372160713,0.5163599834158271,0,4.241053963585405,5.3425840489196945,4.258199739021224,0.10884057172729661,0,0.29854830320059716,0,0,0,0,16.44019862253967,9.507402639966225,1.4881142884623926,1.3236100412394145,0,0,0
0,65.92904579052447,10.79222849855265,0,0,0,0,0.5782697325705597,0.5213134949366871,0.4594108667576574,0,0,0,0,1.4025293774015937,0.5617108420175816,1.8730525859055382,3.902871447445321,0.4604036038508533,8.377542755288395,0.09279109624637706,0,0.27336725239754883,0,0,0,12.813699091889584,14.631489972153776,7.336768844817296,0.5606764033964056,0.5171208373164514,0,6.124648578019397,0
0,0,21.31595977692232,0,0.7915636544575485,0,0,0,0.621610476453989,0.11585788533747364,0,0,0,0,2.4648807751587136,0.9871809303933778,2.892389983656193,5.471838194818039,7.156336971689167,3.760058783764188,0.3328239713366449,0,0,0,0,0,0,18.613883464026955,20.65609873940181,0,1.5683634693477553,0,0,0
0,45.18448536288319,0,0,0,0,0,0.3463071445799019,0,0.14952615558800295,0,0,3.824711167821153,0,0.22083377131616383,0.08844358316524735,0,2.1353716053267333,0,0,0.1253966594393058,0,0.7557466811728407,0,0,0,0,22.33055767674285,8.303924324884091,0.8257077953086329,0.5583909128945225,0,0,0
0,56.88759348452963,994.1217494164003,0,0,2.0378120336104826,0,7.52392102030355,1.8543925698839632,7.689208354410451,49.535191246251294,0,0,0,23.286216396657615,9.32609357802055,44.28053156727942,130.58238031971587,1.4772976721562237,16.962849813473696,0.21002116652051797,0,0.26949082029645377,0,0,0,24.59799862144047,10.939049787655595,32.84263803415656,0.4194753827864519,1.2730347079136979,0,72.98171005975817,0
0,63.52739501485739,895.2154888510537,0,0,1.2575265871369121,0,0,1.3600942137973862,0.5289138872574458,36.90882463869621,0,0,0,44.35129142000813,17.762623478343407,23.72786878392568,0,0,9.705516629407093,0.14768759760724962,0,1.111653573186389,0,0,0,14.806782357974326,7.269939741209745,3.5503560909705776,4.386948883323257,0.9924183134590259,0,144.92368115907928,0
0,96.18622333012726,91.71586615876639,0,0,0,0,0.951843219372057,3.320029423227799,0.29518777928637996,0,0,0,0,5.239633618791917,2.0984651439728847,5.310298672507538,13.278625711364779,3.9645996587095453,7.0409074669592195,0.4055126942533853,0,6.3645342272515775,0,0,0,0,16.045100902413637,11.284025619921438,1.1996067219907758,1.361786747350025,0,26.126581208008645,0
0,276.9975698984894,383.40010914259733,0,0,0,0,0,7.089087173750631,4.636755143227245,23.179175001214976,0,8.350802803149968,0,18.200461629155154,7.289256675508556,17.550833389116594,35.25147252617552,4.50805000357182,27.46620329363581,8.559375760173287,0,0.5844272917293227,0,0,0,41.9615857121781,4.455909791211759,33.159002633887475,59.39884931429853,2.6084649414271484,9.51610196858513,66.96762633092834,0
0,157.80371324916166,1104.173882126015,0,0,3.4745177032779355,0,0.12603824117838086,0.5819008451733417,0.20413706582625282,46.61583955037253,0,10.51319126325013,0,63.209085913144804,25.315140947145967,29.91660892852952,3.9641742446321513,0,5.0665253065627756,0.3049197696482279,0,0.38411345079793924,0,0,0,7.7404013085243095,4.149637601932093,4.0044077358488,2.1303123529661283,0,7.382622236651171,233.62041334665722,0
0,515.9014515139902,3774.7828855955922,0,0,19.120993783452963,0,0.14618997918393192,1.8627856227305994,1.051055084789133,103.29167637284597,0,0,0,57.610362486420165,23.072860891611292,76.43728329715246,4.056650751240446,0,19.873560086864003,0.28370284941019414,0,1.0227792762344536,0,0,0,30.36189917025388,4.5810130759929,6.45649955590256,1.5565649659322605,0,10.10518118357166,445.9702965995171,0
0,130.50373287408996,1889.494689008711,0,0,2.9286524650430223,0,0,0,0.2216055306808753,57.67936396793177,0,0,0,59.456321378033735,23.832299595354158,69.8987174430579,44.485103264778424,5.960779821547813,0,1.1348519266192636,0,1.0830373101961914,0,0,0,15.392111332958201,12.26447035313125,32.43870280062994,141.64010246819632,10.498971420596849,0,362.7547899743836,0
0,90.74834483423984,279.6334877241151,0,0,0,0,0,1.0141955233553943,0.14351466153747366,0,0,0,0,10.287212335401957,4.120012597267483,13.188619449984145,4.810867586943531,3.48833281659184,4.585031077773556,0.8386256228565337,0,0,0,0,0,0,19.44106511266774,12.762649877750311,9.00693964597232,2.497656926194375,0,47.551687401643804,0
0,0,50.417907271594515,0,0.5220083802537688,0,0.5037639166590216,0.7816036073195284,1.6010272870761348,6.617561950714473,0,0.16600158218070057,0,0,4.77811452969553,1.9136274640493438,3.3077622919975322,7.69545284004151,1.9240225938574824,14.385695352315583,0.08180774307635383,0,1.258894961611723,0,0,0,21.977795114308474,7.3549054167553045,14.592659383910116,0.5857864509104778,1.7958644466050562,0,22.89390117563599,1.0271024702845015
0,44.669551898470566,119.61108699906315,0.20372589992148377,1.0140487410820884,0,0,0,0,0.08970398265010594,0,1.0028903876823672,0,0,5.464108798039358,2.188367105371176,4.112756459131751,0,0,0,0.09056200242958268,0,0.5289596454047105,0,0,1.4082610828396496,19.960089338759534,7.413951431072043,2.8316532905482266,1.2647036602378738,0.3887082803989434,0,14.931836555308017,0
0,157.21153290479583,8.613278589905317,0.7261859591526224,2.721009868486902,0,0,0,0.8939125847470402,0.1370737750547637,0,0,0,0,1.2883536190402578,0.5159836277427835,0,11.97895143091681,23.711239313820222,3.3907974791959705,0.43509884854901987,2.828985004821559,2.94054163219978,0,0,0,0,18.403741215308468,22.238111861012936,0,2.264623092979015,0,0,5.0167161450530156
0,10.857783028588576,0,0,0,0,0,0.054721902640425986,0.7289366397303486,0.38495031544996505,0,0,0,0,0.46363345499196734,0.185684480187889,0,0,0.07343469409548978,14.491825085932575,0.18799366671274076,0,0.864854062750004,0,0,0,22.13993517663052,4.402971142877306,2.8540877994233753,0.4802726553633321,0.17783102036108492,0,1.8302239598855639,0
1.912136199249813,34.110054335278484,2.8929280472046486,1.1944018198428634,1.4945569059534942,0,1.3639257370063416,0.497322187793332,0.6037752391548872,0.8143622654684552,0,2.128151230434351,0,0,1.1925023651072846,0.47133843602798575,0.567387746300709,15.67663719306953,15.756598319774,6.192180239461199,0.24161350525126746,0.3210941109346215,0.28326318475318985,0,0,1.5953465419004211,0,8.548993184147886,5.248496314454084,0.6188938765711551,0.2617543855067419,0,4.487966776472465,2.4329397340429715
0,126.10450247988216,275.5229334167318,0.3968933183751529,1.7670932920372924,0,1.4962244020174649,0,0.8177980867441087,0.2265825793266057,0,1.341383486721582,0,0,5.148480955738011,2.061958643687655,9.43563773766865,63.6022293722518,27.30305287325875,6.046032579428707,0.46500923467255173,0,0,0,0,0,0,22.567572335783392,16.812382926445174,3.5826534230523084,2.7752302498721146,0,20.760214275304882,1.9015608524400154
0,62.403542095325335,15.094227367272241,0.3462917959406512,0.9184962602962317,0,0,0,0.7775114330802553,1.1169863409666911,0,1.3714874005885485,0,1.8924946429049663,1.456445707738891,0.5833042487584584,0,4.377074699226856,1.2270147582298565,24.510760653183794,0.15287530685360745,0,0.4018567944801873,0,0,1.3634709895947337,37.446398143334584,18.714459567023237,5.359452071907786,1.1512784798575273,0.23746011798180794,0,6.3655296669333685,1.9658061037408057
0,0,10.00303228826401,0,0,0,0,0,0,0.05142950267254768,0,0,0,0,1.1059308281604694,0.4429235827131935,0,3.8969335980317084,3.539384212624357,0,0.11003617659266815,0,0,0,0,0,0,15.528955188518704,8.920036777941778,1.4183737112914592,1.5853644267461564,0,0,0
0,125.33189647452444,9.159122215180846,0,0.6332509235660387,0,0,0,0.4664439119518034,0.17696823557191266,0,0,0,0,2.4034466994149084,0.9625766782681521,0,5.341205507718569,5.4941250263460395,3.3513460165790474,0.21379036151982486,0,0.2904487662088782,0,0,0,0,14.105474754831468,12.58127257718343,1.1708849553137206,1.6271626385747695,0,0,0
2.0476551697909224,141.50366113825848,134.24019257413738,0,1.145060763177639,0,0,0,0,0.08868905508313346,0,0,0,0,11.145997283323485,4.4639546379702075,4.456437174980221,13.642264007861368,7.825315271904602,0,0.3936782325351315,7.296173184094343,0,0,0,0,0,17.627617146279594,17.529868939945484,1.1790543200871346,1.485068837833696,0,50.07245861865217,0
0,0,38.19804624659466,0,0.4938839431751731,0,0,0,0.8269255317148255,0.1941244150213128,0,0,0,0,1.6452115963054204,0.6589046945810928,2.1997614145516144,3.885937580599093,3.743421753976173,4.588192311230124,0.14872108655867247,0,0.3094842539248247,0,0,0,0,19.333209029420573,10.318809394011648,1.5213937007498786,1.6174046926123735,0,0,0
0,0,32.84115978652111,0.4046274060503271,3.352691785800299,0,2.4422333561053358,4.647388142294269,0.3638388409016766,0.08056963454735364,0,0,0,0,1.9658904238017647,0.7873360680072232,2.680095084253839,16.11537828863088,21.86424752951279,2.2962980552192023,0.25831144438798176,0,0,0,0,1.0338230269850353,0,10.020550802847675,16.747436924481185,0,2.191136706117879,0,0,2.6486789027333493
0,0,32.44078812780774,0,0.8706807947469872,0,0,0,0.44304827714180517,0.10157082804855337,0,0,0,0,1.5499476662323306,0.6207516382262972,0,4.086944779267301,3.2746832283240925,3.3621636478292642,0.23089359044141083,4.271599799127385,0.21046189895213638,0,0,0,0,15.725514655292589,10.78183484243993,1.174840647730321,1.2072188713580538,0,0,0
7.68509002663275,392.8773570302519,991.7609595495504,2.1323381248325086,5.856786539859538,0,5.778070695102469,1.2153295590221025,0,0.052054073482992284,64.03730952756025,5.066605991786554,0,0,38.48721507338817,15.411482544380872,36.8284099917043,20.288696784831377,16.14000472263045,0,0.6685457646351224,106.76974069593334,0,0,0,0,0,13.782395094368551,26.993885521222648,41.35487236266236,20.222236435873757,0,135.6217423177958,12.7976211970963
0,26.452459988800225,2.802169943437009,0.1860932358702333,0.26771169185692606,0,0,0,0.16088433175395647,0.21516464419816533,0,0,0.9448370630030499,0,0.09620364824890328,0.03852941202783914,0,3.656340736606085,0.5134042961110764,1.8440954867240675,0.03420645784317197,9.212412414904042,0.4592784147094165,0,0,0,2.8173231662325433,3.197377097974098,1.7243771914900365,10.170773149586882,7.0648786235009045,0,0.48347969004836244,0.6355514885715009
0,0,7.9027537918005155,0,0.3145857536545857,0,0,0,0.7516503389965576,0.11648245614791825,0,0,0,0,0.685641874027898,0.27459850794444085,0,3.951198944061665,3.232269231093654,3.2403008390324786,0.10006604788482418,0.5414125447938203,0.6245467881902496,0,0,0,0,17.907212360948638,9.78460191064391,1.0472265706382557,0.9921919693516508,0,0,0
0,16.274806238946894,23.1064088846618,0.0820657972085894,0.1393669803908657,0,0.08952209665752675,0.28390298313172596,0.6495698337493456,0.5901803801944959,0,0.13050242141290122,0,0.5990166706491762,5.130861239941508,2.0549019748180872,1.6743644581395858,2.405543753646092,0.3684505955921531,5.335686976014965,0,0,0.17409277175974863,0,0,0,0,8.412456910247906,2.858194455285267,0.8484960233607874,0.3669792460909279,0,33.18351688817503,0
0,0,1.913150610692879,0,0.37769903016708295,0,0,0.4499987166648032,0,0.09198756967579401,0,0,0,0,0.25266672452184485,0.1011926315895995,0,3.0260490173685746,1.8546209264400058,0,0.057429562516320726,0,0.10608187359582076,0,0,0,0,10.275301252700778,5.163473328276401,0.5921499561024002,0.6290102743955728,0,0,0
0.35941987839163764,40.76261600741023,239.44642529376145,0.12812717261193085,0.20098970096335372,0,0,0.653408278692666,0.2503228011509228,1.542514241257729,11.417359392380995,0.15231798496844312,0,0.7222117229422567,2.423298245878968,0.9705271918611983,8.008828737688114,2.5989637002857955,1.1503872513476063,4.889441413917754,0.14462765973146824,5.201228862959892,0.19615376745703755,0,0,0,7.470447038094869,8.933659523176173,3.0198369929602795,12.456647406501492,2.7792289957690754,0,11.095343632943791,0
0,10.083804964972375,12.94473876936042,0.1171463518854036,0,0,0,2.4303752907483522,0.6145812946949312,1.3207525678742424,0,0.14254398695968779,0,0,0.34276220462796064,0.12937226260873946,0,67.69329765805632,81.55872221001256,4.699091304570608,0.06249568482721705,0.8446177337121018,0.28162436792996265,0,0,0,7.179052759424497,12.359891839238482,9.044339166946628,0.971810434782635,0.9207175301116276,0,1.864466859780197,0
0,82.48814250063123,25.431586178095284,0,0,0,0,0,0.4877937401304341,0.12553873289936496,0,0,0,0,4.591697936568534,1.8389679074093186,2.618352529086511,3.9759399832850497,4.149413106229499,3.6741572896640697,0.18756811243862548,0,0.23561143404704576,0,0,0,0,14.284298430792795,8.236316601528134,1.162027644033072,1.3547700800213949,0,0,0
0,0,0,0,0,0,0,0,0.6499370298113859,0.10028265075201138,0,0,0,0,0.4969934502333453,0.199045106580937,0,3.1334801076852266,2.7107316645152513,3.9614275276449162,0.09137258199932609,0,0.4903529029344549,0,0,0,0,16.035133681130546,8.561731053991734,1.1387234561004913,1.3331164937491713,0,0,0
0,21.385448840183606,2.044809215444984,0,0,0,0,0,0.8036872666457017,0.3070155890091746,0,0,0,0,0.24655855637905738,0.09874631971481605,0,0,0,3.470851605052728,0.008592143439280164,0,0.21887659302524515,0,0,0,5.302605371504614,5.769311060434276,2.209152706149819,0.9835915187190318,0.07502049692223396,0,1.5196762815307874,0
0,135.49692728839963,20.270137204256216,0,0.305524742545582,0,0,0,0.6342525123042346,0.15860195017727607,0,0,0,0,2.0867616741657713,0.835744816452457,0,5.601261319999921,4.3042477221095545,3.1710095253486563,0.12077635589176836,0,1.7483023933020085,0,0,0,0,18.126417940784837,12.176348704282653,2.562944712703447,1.3255213914794715,0,0,0
0,0,1.950381937446548,0,0,0,0,0,0.6806241292818993,0.50810787213451,0,0,0,0,0.14048786728411272,0.05626517312001906,0,1.7500161744007292,0.6245141810903392,7.392297752333667,0,0,0.2812776951404338,0,0,0,11.306393929190847,10.594667634646466,4.211755832283014,0.3726090269810775,0.17023591809138508,0,0,0
0,33.5985510165121,3.125381026414512,0,0,0,0,0,0.7297759450150122,0.30086747009386056,0,0,0,0,0.536344148845534,0.21480500038963798,0,0,0.35725894656066653,6.225546784499875,0.039110464240119616,0,0.2584918381559483,0,0,0.10730032278354586,0,11.792077809133412,0,1.3466552879122258,0.24749470674210675,0,3.5094141888879022,0
2.1995177842948053,53.096596516312,7.92336591762646,0,1.2299832266018507,0,0,0,0.38156916504019545,0.07760292319774177,0,0,7.392544759138352,0,1.2542888351670198,0.5023407345949528,0,15.628474636714675,3.0765271842110455,0.5930510510570816,0.1572524365302219,0,0,0,0,0,0,9.267292712056479,15.62107248058346,0,1.2922236583500588,0,0,0
0,201.5574162600878,18.189715415394677,0,0,0,0,0,0.5339030742066413,4.728430427497816,0,0,0,0,1.7141634174557334,0.6865197920906673,1.7466412881221929,1.825943674772938,0.2929321710463565,11.284306055114437,0,0,0.34490790987304293,0.5730714743482703,0,0,17.173614101050727,6.829354359247651,5.0847624242568115,1.775589935173157,0.0814587293097941,0,6.114343504696874,0
0,141.33956297054266,120.70838592784955,0,1.3278107664540373,0,0,1.605213654425276,0.46151299340440466,0.1395915761343685,0,0,0,0,3.4336127496504174,1.375156584842205,4.223366344692178,13.76596920397829,14.282560677515836,3.2114111853051255,0.33752533284115666,0,0,0,0,0,0,13.901391013167407,17.35583038550217,1.8818776705409417,1.822044915024783,0,0,0
0,145.4358429012751,667.9382036443958,2.511493194341733,6.185964051663688,0,5.951381946267041,0,0.6762177765374153,0.10313225507466488,37.01369620954699,4.822021465615461,0,10.114327808626216,11.115456442609547,4.451723078596291,19.343415820183196,4.353213341398082,4.306163409781611,2.593929098806253,0.49135307068921263,14.925805505980207,0,0,0,3.323905766692282,0,14.52509965674236,13.695088905947596,200.56495663901003,5.301632877703135,0,49.80517077934923,8.091779771892632
2.309995205931579,66.23213345982569,826.4739413046404,0.5625031001978258,0.9235170803046839,1.994644675996569,1.3351140277372524,0.9087960795010441,1.6705847125426319,1.6249771060742428,38.430741337628334,0.9347851695573601,0,0,17.570732986588155,7.037051330110209,24.861620110920057,16.282242853170818,4.764987411516909,13.347330663475075,0.2659511568328134,3.5012572095591366,2.9061895103282875,0,0,2.6457321083358627,20.391429921221302,8.426235127903944,13.657444560546923,2.6148846739996783,1.0720914392550827,0,54.56675872143744,7.255934264559844
2.431976308297515,91.0748946997613,1253.1656659444018,1.101276013296738,2.0386490492131895,8.114517695360167,1.534370517095672,0.46400086326020956,1.547678944919704,0.4526381770318988,48.58196835022546,1.2563888000374455,0,0,38.98925950881651,15.615138007956594,33.96455033567282,4.030480229750822,0.252669121377525,100.80747731491267,0.4322212910764307,29.44612877959004,6.5962061977812505,0,0,6.2034724373763535,153.93719333576271,22.494479379707396,17.83052938346379,1.2462150978559372,0.9413399932280312,0.2667810537930149,82.81736582353732,16.90225194580485
3.066221925084632,49.649574553498695,729.289926373096,0.31781029218122114,23.043445680354715,1.5326412125364535,10.410434951208613,0,0,0.12216214695539884,35.431243888416446,1.8414212248495048,0,0,19.627893538215805,7.565125383849519,23.837454503879066,31.66748558427604,6.4401722593409785,0,1.0454855290550524,70.04814625717998,0,0,0,0,24.618740712746476,26.676803604376683,30.244455734275135,7.111217051973276,12.42870583204168,0.7306905443250337,74.84907522141032,13.787918203719991
0,11.155656876507521,12.157808813743742,0,0.1245790964597212,0,0.07651272793143296,0,1.192862635828161,1.664832530915739,0,0,0,0,0.6017720268365464,0.24100876412529904,0.9041919216447606,2.220810660778154,1.3850085783410224,8.29136716580187,0.044723727760592746,1.4177147745871195,0.2953967323866987,0,0,0,12.667164452232486,5.6354620275665015,5.878715890889196,0.5998893543087922,0.49106611562304403,0,4.311599740338038,0
0,0,13.300648669747668,0,0.7973689775923214,0,0.43945206561194783,0,0.4223279279266722,0.08244334697868744,0,0,0,0,0.30705291394704903,0.12297421616699818,0,5.952474116797655,3.9913184604513825,1.5026091813118123,0.1026599025080031,1.0252774330932706,0,0,0,0,0,11.347925725437662,9.62189468441211,0.8929545663908398,2.2874335491333784,0,0,0
0.5911068140527577,56.079039552799394,21.904862240965134,0,1.0568826117791965,0,1.5732516247572743,0,2.6002202284681672,0.19059168637473553,0,0.21135293294132532,3.703385499503716,0,1.1735905368190387,0.4708209469775508,2.515789659009977,3.187140672756389,1.7953354342732122,3.5877441508426573,0.9954930340911275,0.2384339772154132,0.05083483722818149,2.0859676530116684,0,0,5.481188356813521,3.5238035949953073,27.85845065392478,0.2251304944926058,0.3724366540131957,0,5.752485148757037,1.8174340783581622
0,24.233018549861086,0,0,0.563704721417712,0,0.7092678429762999,0,0,0.33705354142399463,0,0,0,0,1.7662003114414038,0.707360487485457,1.3959377223968708,4.758031723179815,1.879760126066288,0,0.34072712214164314,0,0.06530054726397523,1.0012978430883617,0,0,9.359038180682466,0,6.937130390109138,0.4925696991801551,0.2262435099941055,0,9.096696130943245,0
0,7.186978363814977,2.2606429937271226,0,0.1470551110288082,0,0.14427904412046388,0.05458944990236133,0.1560583263671407,0.12852496208680322,0,0,0,0,0.4572903573052265,0.18314407939484464,0,0,0,3.9381842388775583,0.13538705263639333,0,0.05178030847235101,0.3195143294337367,0,0,6.0165743959340805,0.8809753282127559,1.951612149181374,0.2019122998734295,0.044790983915018,0,2.9002340732075167,0
0,26.4259792644113,21.570104050849537,0,1.4929486745445368,0,1.7348029945875239,0.5577395581705381,1.067386495770951,3.817259686410448,3.5818330824727473,0.4555464991920686,0,0,6.39713148185015,2.562041244244346,2.4672149473617475,4.485055590415139,1.4861703308478527,10.62041048318389,0.042312253540606096,0,0.8362693154679453,1.085191210591443,0,0,16.225368319905247,1.3506073427866014,10.375237887521344,0.159603589678486,0.23270689172692954,0,27.139484040001616,0.9364032919775035
0.44927484798954703,20.157319493006046,40.942372737452054,0.1933785880830254,0.814628046371376,0,0.7963644641086226,0,1.386427417103707,3.053116817669304,6.952217794449603,0.5431997133345864,0,0.5929900639954759,11.41851555430939,4.573097783152853,3.5286894443735175,9.289875367770732,2.602007986987146,9.619322766894808,0.10744232196948923,0,0.6467023310119554,0,0,0,15.451322605717337,1.2655928083131838,16.78143090911573,0.15977557630529474,0.15240503229927516,0,43.239658283250655,0.9449474174701917
0,3.5145272291311858,1.8732213617106834,0,0.08213747732577337,0,0,0.07776867906367593,0,0.18132071340719846,0,0,0,0,0.24691095069498742,0.09888745309220741,0,0,0.1635056232377839,0,0.06235383340251195,0,0.08909490690890828,0.3882870775608742,0,0,1.8363869558551207,0.2942773224904569,0,0.25583010737796114,0.04260299087705811,0,1.2299534388486093,0
0,6.541836570671317,0,0,0.14148513883193148,0,0,0,0,0.1742552561140439,0,0,0,0,0.22083377131616383,0.08844358316524735,0,1.0502846050762529,0.10257331184413493,0,0.022108557764751555,0,0.14859656387531042,0.3892777388303326,0,0,0,0,1.1921089622793035,0.2654613584792491,0.08372217038354571,0,1.0525129575764196,0
0,18.50179399830775,14.427624743047856,0.3139828426491383,1.6785228890756896,0,1.4100832712435556,0.22147989986382646,0.3750645490840524,1.4378791126704318,0,1.1165033405361393,0,1.1154828455069707,0.7170049681456723,0.2871593785322712,0,4.814881133306436,12.13077290201756,8.44361801643837,0.5819150731187953,0.22390188379596365,0.0607622852919615,0.8111951594859784,0,0.7685552580454641,12.899766208304678,1.0118683959451042,6.237021614839241,0.32574267117570316,0.29608324179197465,0,3.2451319959707026,0
0,0.486943475939355,0,0,0,0,0,0,0,0.15544006044940029,0,0.06529030669848562,0,0,0,0,0,0,0.09669181460536573,0.15135547237423527,0,0,0.08228751395088771,0.12075639474029606,0,0,0,0.23496258407049767,0,0.27036297734329745,0.020823657878514822,0,0,0
0,1.751295161141146,2.961994856254933,0,0,0,0,0,0,0.3019019154986594,0.6991438056719003,0,0,0,0.6863466626597581,0.27488077469922356,0,0.9727626821763148,0.16831164669574958,1.6073318919452475,0.00792341529424185,0,0.1416631080847339,0.30251666765250335,0,0,2.455606777199011,0.47784031445403763,0,0.3104358613897276,0.04783405469195072,0,3.0071492089286913,0
11.221279396140483,306.37470927109445,1946.1517033091072,6.088970677674033,13.937796343463418,2.3499116654913634,18.924001043191073,0,1.225385715608876,0.9440778156626685,60.40858265324366,13.985887422672251,0,19.355498420681453,32.04803120317037,12.83518682902,43.08152626017929,10.345822921824782,3.089533695247638,10.265822418301356,0.41333478710140925,61.19012712633837,0.5986723918081436,1.9887264284043058,0,9.926125793632718,15.68364519501556,2.812539752698308,30.8808733190944,6.3195626087727685,11.694370099680865,3.6397015611767367,118.80171576516302,14.799082593758516
0,8.226312494623828,10.882231184096302,0,0.3787973345439319,0,0.47715718514011796,0.1819900621008358,0.25924041980047374,0.1935193620486946,1.4349500304217173,0.16467231845150987,1.1211887534556078,0.21611691767455068,0.3280791081308753,0.13139517435134884,1.4478775496110925,0,0.0503792249195145,2.0361632604927005,0.08517164829078899,0.22972321946398877,0.10229998861914266,0.35861937954393625,0,0,3.1107553623529,0.9946211944111293,1.4240589692935535,0.30828602855461873,0.1825842466159633,0,1.9812576907687889,0
0,7.9056624796138895,0,0,0.17682700467267734,0,0.1677253075307685,0.09186543475769991,0,0.23755160418503904,0,0.11056346547504033,0,0,0.1906453249181563,0.07635315716872151,0,1.4375643390529647,0.9523656414571597,0,0.05890887023110245,0.2949618376803481,0.08282328098925043,0.35731587787359625,0,0,3.573139290080182,0,0,0.4499170157315942,0.14209380074107336,0.477916883783837,0.7832929170255107,0
2.1697064165515485,92.67979124472119,36.2344984486729,0.8293951155005107,5.202197131257577,0,6.327551150448668,0,0,0.1320772085712069,3.8043654401317304,0.7587750134156941,0,2.6821202681827994,1.670936381368314,0.6692074311306615,3.784730846133765,5.185336960611246,3.3468071887492283,0,0.3038660162075615,22.81048598206103,0.2106194774928313,2.2784166396206635,0,0,0,0,8.072620735922175,0.7654264826121788,5.37627613444641,1.9408353692542257,6.32624157489125,4.057309438287506
0.6590065881126923,9.824211542465397,0,0.18722827262802338,1.1611430772672127,0,1.3280580989366593,0.11720175136749604,0,0.1642230874712775,0,0.419734570487989,0,0.8625055196946725,0.2812106641121788,0.11262443515829902,0,0,0.2036006301283648,0,0.06308335501528102,0.3759223113504979,0.7952043477628489,0.6409578413395767,0,0,3.046909921145854,0,1.7275332325690829,0.3959992082270625,0.34794119172615046,0.29167834118877733,1.3703600628679828,1.473204407066204
0.7278182393035972,657.9097556797226,375.40594974569433,0.34980249102869954,2.675234111066091,0,2.086276447967075,0.2221989290133203,1.983225931079828,0.42751871974933,10.796656111247893,0.5023834976500241,6.001862707030738,2.453389522628411,5.476207669552956,2.1932126846616122,7.676121224772228,2.0237620283856876,0.9782442293077442,4.549617953849705,0.6632364684533031,17.06495515222392,0.09555562707740005,0,0,0.3928705594365181,6.950694338316656,1.5422076283828703,7.033636802863591,0.45714045405756015,1.4765180604439678,0.613250509439362,23.634685665206092,1.6315993488921934
7.9635632735521105,17.749906072653292,369.4795858616234,0.7949480697117653,17.586285033042923,0.6715124333116367,17.796007925454568,0,2.0694645490790142,1.5117736466811587,17.930480772292757,4.716618671089043,0,2.5254284951865946,10.006823924693615,4.007717473323097,23.14453331602962,4.924896287719752,0.9141527136829849,27.63588661084783,1.21819977087813,51.15730296958756,1.4880141597821381,3.136225018838,0,5.995906418780133,42.22081997848708,78.73765244092766,5.207201608287285,385.55127862837344,53.67380811026567,5.7136925772576985,33.89875338346638,13.656305809111467
3.2342878947619087,14.912215182436967,242.93311206502025,1.8103572324715007,21.737444100812393,0,15.872017839901138,0.5613914693771779,21.72027654864908,2.8941440285733266,13.38860387861689,1.24614565012427,0,10.750485194699358,7.052115050392134,2.8243611483557394,15.598042195234294,6.062544251298134,0.7175426631298429,26.717849796640227,24.700993873683423,56.47306059218651,0.6946062073832114,15.777688497928786,0,1.0730032278354587,40.81828610605945,190.4490471086079,40.527483987860485,25.39502935469419,64.23248407651903,8.07902029078959,27.67824615464476,5.977437332663555
0,16.803185874292755,4.069114221953164,0,0.22315191428191244,0,0.2034459470837718,0,1.2628921705172815,1.9127676248244194,0,0.11408210475819225,0,0,0.229291234898485,0.0918307842226398,0,3.6581000993953037,1.9323911242143597,4.165610317492762,0.09398670111174859,1.0489593631101513,0.1367151419069134,1.2488067402525176,0,0,0,7.0004094656795095,4.346020664212083,0.6151961640947677,0.30694775894598236,0,1.100710644261969,0
0,9.465829925346886,10.550926334433218,0,0.4390863998016748,0,0.21527932767643337,0.09105179650958846,1.0393746818953027,0.5985730504598453,0,0.07459515280282071,0,0,0.3845796634516598,0.15402355919309565,0,1.2016997651233658,0.5501720559922965,9.866099979790382,0.1332592812658169,0.8466289981034876,0.0968162554029594,0.5178551435926686,0,0,15.072967876955165,12.204373871865558,1.6149043930975733,0.45301277501415105,0.15675586902993102,0.06734652182352882,2.775821781740809,0
