index	JH.name	shortname	note	quant35	class	standard	name	median.ambient	median.floral	mean.nonzero.ambient	mean.nonzero.floral	mean.ambient	mean.floral	max.ambient	max.floral	match.var	match	RT.var	RT	count.ambient	freq.ambient	count.floral	freq.floral	filter_RT	filter_match	filter_freq.floral	filter_contaminant	filter_area	filter_ambient_ratio	ambient_ratio	ambient_pvalue	filter_ambient_ttest	filters_passed	filter_final
1	Ethyl.vinyl.carbinol	pent-1-en-3-ol	check RT.var	1	aliphatic	Hexenol	1-Penten-3-ol	0	0	NA	264587	0	87820	0	1746366	0.00	0.91	0.71	2.96	0	0	78	0.3319148936	OK	OK	OK	OK	OK	OK	Inf	3.21E-07	OK	7	TRUE
2	Ethyl.propionyl	pentan-3-one	merge?	1	aliphatic	Hexenol	3-Pentanone	0	0	NA	2306523	0	785199	0	12333111	0.00	0.94	0.00	3.12	0	0	80	0.3404255319	OK	OK	OK	OK	OK	OK	Inf	3.78E-09	OK	7	TRUE
3	Cyclopentanol	cyclopentanol	merge?	1	aliphatic	Hexenol	Cyclopentanol	0	0	NA	1205750	0	364290	0	3145872	0.00	0.90	0.07	3.15	0	0	71	0.3021276596	OK	OK	OK	OK	OK	OK	Inf	1.68E-10	OK	7	TRUE
4	Pentyl.alcohol	pentan-1-ol		1	aliphatic	Hexenol	1-Pentanol	0	51220	69304	180436	8250	105958	124278	1650769	0.00	0.88	0.03	3.69	5	0.119047619	138	0.5872340426	OK	OK	OK	OK	OK	OK	12.8	2.78E-09	OK	7	TRUE
5	Prenol	3-methylbut-2-en-1-ol		1	aliphatic	Hexenol	Prenol	0	0	NA	185298	0	25232	0	1105255	0.01	0.83	0.01	4.33	0	0	32	0.1361702128	OK	OK	OK	OK	OK	OK	Inf	3.56E-02	OK	7	TRUE
6	Cyclopentanone	cyclopentanone	check RT.var	1	aliphatic	Hexenol	Cyclopentanone	0	0	969640	3079138	138520	1113731	1990067	21594085	0.00	0.94	0.41	4.56	6	0.1428571429	85	0.3617021277	OK	OK	OK	OK	OK	OK	8.0	2.09E-04	OK	7	TRUE
7	three.Hexenol	(Z)-hex-3-en-1-ol	merge	1	aliphatic	Hexenol	3-Hexen-1-ol, (Z)-	0	0	NA	609278	0	103707	0	1466556	0.00	0.91	0.00	5.76	0	0	40	0.170212766	OK	OK	OK	OK	OK	OK	Inf	5.98E-06	OK	7	TRUE
8		(Z)-hex-3-en-1-ol	merge	1	aliphatic	Hexenol	4-Hexen-1-ol, (Z)-	0	0	747181	2828228	17790	553611	747181	12882301	0.00	0.90	0.00	5.73	1	0.02380952381	46	0.1957446809	OK	OK	OK	OK	OK	OK	31.1	6.29E-04	OK	7	TRUE
9	Hexyl.formic.acid	hexyl formate		1	aliphatic	Hexenol	Formic acid, hexyl ester	0	0	NA	1762428	0	352486	0	5507197	0.00	0.94	0.11	6.00	0	0	47	0.2	OK	OK	OK	OK	OK	OK	Inf	4.24E-06	OK	7	TRUE
10	Anisole	anisole		1	benzenoid	Methyl_salicylate	Anisole	0	0	NA	242211	0	84516	0	5148469	0.00	0.89	0.00	6.88	0	0	82	0.3489361702	OK	OK	OK	OK	OK	OK	Inf	5.62E-02	OK	7	TRUE
11		4-methylpentanoic acid	new for 2025	RTvar	aliphatic	Hexenol	Pentanoic acid, 4-methyl-	0	0	33886	271996	13716	71761	149017	14823959	0.00	0.81	0.45	7.38	17	0.4047619048	62	0.2638297872	OK	OK	OK	OK	OK	OK	5.2	4.61E-01	tTestFail	6	TRUE
12	#N/A	(E)-4-oxohex-2-enal		1	aliphatic	Hexenol	(E)-4-Oxohex-2-enal	0	0	101653	297928	21783	110297	164908	6446340	0.00	0.89	0.00	7.60	9	0.2142857143	87	0.370212766	OK	OK	OK	OK	OK	OK	5.1	3.00E-01	tTestFail	6	TRUE
13	beta.Myrcene	b-myrcene		1	monoterpene	alpha_Pinene	.beta.-Myrcene	0	375263	576685	3198695	109845	1769491	1323646	26965257	0.00	0.93	0.00	8.17	8	0.1904761905	130	0.5531914894	OK	OK	OK	OK	OK	OK	16.1	3.21E-07	OK	7	TRUE
14		(3E)-hex-3-en-1-yl acetate	new for 2025	1	aliphatic	Hexenol	3-Hexen-1-ol, acetate, (E)-	0	0	505054	1857170	204427	837702	1652935	25242607	0.00	0.91	0.00	8.37	17	0.4047619048	106	0.4510638298	OK	OK	OK	OK	OK	OK	4.1	4.49E-02	OK	7	TRUE
15		2,5-dimethylnonane	new for 2025	RTvar	aliphatic	Hexenol	Nonane, 2,5-dimethyl-	0	0	566198	1646175	40443	217155	1339100	15813435	0.00	0.88	0.90	8.56	3	0.07142857143	31	0.1319148936	OK	OK	OK	OK	OK	OK	5.4	4.24E-01	tTestFail	6	TRUE
16		3,3,5-trimethylheptane	new for 2025	RTvar	aliphatic	Hexenol	Heptane, 3,3,5-trimethyl-	0	0	635362	1078657	30255	142291	882126	2902188	0.01	0.88	1.40	8.61	2	0.04761904762	31	0.1319148936	OK	OK	OK	OK	OK	OK	4.7	2.33E-01	tTestFail	6	TRUE
17	#N/A	phenylmethanol		1	benzenoid	Methyl_salicylate	Benzyl alcohol	0	0	115313	496730	2746	61299	115313	3016224	0.00	0.86	0.00	8.92	1	0.02380952381	29	0.1234042553	OK	OK	OK	OK	OK	OK	22.3	2.06E-01	tTestFail	6	TRUE
18	trans.beta.Ocimene	(Z)-b-ocimene		1	monoterpene	alpha_Pinene	trans-.beta.-Ocimene	0	0	210667	1686951	15048	624531	287079	18831419	0.00	0.94	0.00	8.97	3	0.07142857143	87	0.370212766	OK	OK	OK	OK	OK	OK	41.5	1.11E-03	OK	7	TRUE
19	beta.Ocimene	(E)-b-ocimene		1	monoterpene	alpha_Pinene	.beta.-Ocimene	0	916069	152872	7593183	58237	6365349	547894	103597552	0.00	0.95	0.03	9.13	16	0.380952381	197	0.8382978723	OK	OK	OK	OK	OK	OK	109.3	3.77E-07	OK	7	TRUE
20		3,3,5-trimethylcyclohexan-1-ol	new for 2025	1	aliphatic	Hexenol	Cyclohexanol, 3,3,5-trimethyl-	0	0	753101	1868431	35862	230572	1436988	6495440	0.00	0.84	0.00	9.21	2	0.04761904762	29	0.1234042553	OK	OK	OK	OK	OK	OK	6.4	2.45E-01	tTestFail	6	TRUE
21	Dimethylcyclohexadiene 	3-ethenyl-1,2-dimethylcyclohexa-1,4-diene		1	monoterpene	alpha_Pinene	1,4-Cyclohexadiene, 3-ethenyl-1,2-dimethyl-	0	0	NA	481869	0	67667	0	3709619	0.00	0.88	0.13	9.67	0	0	33	0.1404255319	OK	OK	OK	OK	OK	OK	Inf	1.71E-01	OK	7	TRUE
22	Methyl.phenylethyl.ether	2-methoxyethylbenzene		1	benzenoid	Methyl_salicylate	Benzene, (2-methoxyethyl)-	0	0	60090	2906613	5723	1125539	76744	22490332	0.00	0.95	0.00	9.73	4	0.09523809524	91	0.3872340426	OK	OK	OK	OK	OK	OK	196.7	5.05E-06	OK	7	TRUE
23	Phenylethyl.alcohol	2-phenylethanol		1	benzenoid	Methyl_salicylate	Phenylethyl Alcohol	0	0	NA	2353840	0	460752	0	14035154	0.00	0.90	0.00	10.23	0	0	46	0.1957446809	OK	OK	OK	OK	OK	OK	Inf	1.55E-02	OK	7	TRUE
24		3,4-dimethylocta-2,4,6-triene	new for 2025	1	aliphatic	Hexenol	2,4,6-Octatriene, 3,4-dimethyl-	0	0	43519	658642	1036	98096	43519	2964513	0.00	0.91	0.00	10.39	1	0.02380952381	35	0.1489361702	OK	OK	OK	OK	OK	OK	94.7	2.27E-02	OK	7	TRUE
25	Carveol	carveol	check RT.var	1	monoterpene	alpha_Pinene	Carveol	0	0	254278	492618	6054	71272	254278	3128760	0.00	0.83	0.43	10.42	1	0.02380952381	34	0.1446808511	OK	OK	OK	OK	OK	OK	11.8	2.13E-01	tTestFail	6	TRUE
26	allo.Ocimene	allo-ocimene		1	monoterpene	alpha_Pinene	2,4,6-Octatriene, 2,6-dimethyl-, (E,Z)-	0	0	32224	265983	767	100734	32224	1529298	0.00	0.92	0.00	10.46	1	0.02380952381	89	0.3787234043	OK	OK	OK	OK	OK	OK	131.3	3.21E-07	OK	7	TRUE
27	Cosmene	cosmene	check RT.var	1	monoterpene	alpha_Pinene	2,6-Dimethyl-1,3,5,7-octatetraene, E,E-	0	0	NA	495565	0	109657	0	3537134	0.00	0.86	0.26	10.50	0	0	52	0.2212765957	OK	OK	OK	OK	OK	OK	Inf	1.84E-03	OK	7	TRUE
28	#N/A	2-methyl-6-methylideneocta-1,7-dien-3-one		1	monoterpene	alpha_Pinene	1,7-Octadien-3-one, 2-methyl-6-methylene-	0	0	40348	311916	961	33183	40348	2853373	0.00	0.83	0.00	10.64	1	0.02380952381	25	0.1063829787	OK	OK	OK	OK	OK	OK	34.5	4.24E-01	tTestFail	6	TRUE
29	Dimethyloctatrienol	2,6-dimethylocta-3,5,7-trien-2-ol		1	monoterpene	Linalool	(3E,5E)-2,6-Dimethylocta-3,5,7-trien-2-ol	0	0	NA	679038	0	89575	0	4855255	0.00	0.86	0.05	11.64	0	0	31	0.1319148936	OK	OK	OK	OK	OK	OK	Inf	1.12E-01	OK	7	TRUE
30	#N/A	2,3-dihydro-1-benzofuran		1	aliphatic	Hexenol	Benzofuran, 2,3-dihydro-	0	0	61625	377072	4402	77019	67897	3286709	0.00	0.86	0.00	11.80	3	0.07142857143	48	0.2042553191	OK	OK	OK	OK	OK	OK	17.5	4.22E-02	OK	7	TRUE
31		indole	added manually	1	benzenoid	Indole	Indole	0	0	15524464	5331803	369630	839475	15524464	56183052	0.00	0.94	0.00	12.97	1	0.02380952381	37	0.1574468085	OK	OK	OK	OK	OK	AmRatioFail	2.3	4.44E-01	tTestFail	5	TRUE
32		13-methyltetradecanal	new for 2025	RTvar	aliphatic	Hexenol	13-Methyltetradecanal	0	0	427085	948819	50843	242252	1448781	6335229	0.00	0.89	6.85	13.15	5	0.119047619	60	0.2553191489	OK	OK	OK	OK	OK	OK	4.8	1.71E-01	tTestFail	6	TRUE
33		farnesane	new for 2025	RTvar	aliphatic	Hexenol	Dodecane, 2,6,10-trimethyl-	0	0	213000	506954	15214	81975	342396	2967288	0.00	0.88	3.01	13.59	3	0.07142857143	38	0.1617021277	OK	OK	OK	OK	OK	OK	5.4	1.73E-01	tTestFail	6	TRUE
34		3,8-dimethyldecane	new for 2025	RTvar	aliphatic	Hexenol	Decane, 3,8-dimethyl-	0	0	420767	927468	30055	149974	1031195	6010072	0.00	0.85	9.62	13.84	3	0.07142857143	38	0.1617021277	OK	OK	OK	OK	OK	OK	5.0	3.04E-01	tTestFail	6	TRUE
35	#N/A	ylangene	check RT.var	1	sesquiterpene	Caryophyllene	Ylangene	0	0	184157	619208	21923	194985	330626	8593356	0.01	0.83	8.61	14.14	5	0.119047619	74	0.314893617	OK	OK	OK	OK	OK	OK	8.9	7.40E-02	tTestFail	6	TRUE
36	Cyclohexane	b-elemene	check RT.var	1	sesquiterpene	Caryophyllene	Cyclohexane, 1-ethenyl-1-methyl-2,4-bis(1-methylethenyl)-, [1S-(1.alpha.,2.beta.,4.beta.)]-	0	0	NA	495838	0	82288	0	1890681	0.00	0.89	0.17	14.38	0	0	39	0.1659574468	OK	OK	OK	OK	OK	OK	Inf	1.84E-03	OK	7	TRUE
37	beta.Germacrene	germacrene B	check RT.var	1	sesquiterpene	Caryophyllene	1,5-Cyclodecadiene, 1,5-dimethyl-8-(1-methylethylidene)-, (E,E)-	0	0	NA	568017	0	113603	0	3904075	0.00	0.89	0.53	14.92	0	0	47	0.2	OK	OK	OK	OK	OK	OK	Inf	7.27E-03	OK	7	TRUE
38	alpha.Guaiene	a-guaiene		1	sesquiterpene	Caryophyllene	.alpha.-Guaiene	0	0	39310	569031	936	174341	39310	4955081	0.01	0.90	0.01	15.01	1	0.02380952381	72	0.3063829787	OK	OK	OK	OK	OK	OK	186.3	2.09E-04	OK	7	TRUE
39		hexadecane	new for 2025	RTvar	aliphatic	Hexenol	Hexadecane	0	0	376834	1283550	80750	327715	1704375	18641069	0.00	0.91	10.42	15.07	9	0.2142857143	60	0.2553191489	OK	OK	OK	OK	OK	OK	4.1	4.24E-01	tTestFail	6	TRUE
40	Guaiadiene	guaia-6,9-diene		1	sesquiterpene	Caryophyllene	(1R,3aS,8aS)-7-Isopropyl-1,4-dimethyl-1,2,3,3a,6,8a-hexahydroazulene	0	0	NA	998008	0	327007	0	4406242	0.00	0.94	0.02	15.07	0	0	77	0.3276595745	OK	OK	OK	OK	OK	OK	Inf	4.19E-07	OK	7	TRUE
41	Naphthalene	g-selinene		1	sesquiterpene	Caryophyllene	(4aR,8aS)-4a-Methyl-1-methylene-7-(propan-2-ylidene)decahydronaphthalene	0	0	NA	1072388	0	219041	0	5740890	0.00	0.90	0.07	15.17	0	0	48	0.2042553191	OK	OK	OK	OK	OK	OK	Inf	2.25E-03	OK	7	TRUE
42	alpha.Gurjunene	a-gurjunene		1	sesquiterpene	Caryophyllene	1H-Cycloprop[e]azulene, 1a,2,3,4,4a,5,6,7b-octahydro-1,1,4,7-tetramethyl-, [1aR-(1a.alpha.,4.alpha.,4a.beta.,7b.alpha.)]-	0	0	44265	896373	1054	251747	44265	5579666	0.00	0.89	0.12	15.93	1	0.02380952381	66	0.2808510638	OK	OK	OK	OK	OK	OK	238.9	3.22E-04	OK	7	TRUE
43		1-nonoxytetradecane	new for 2025	RTvar	aliphatic	Hexenol	Nonyl tetradecyl ether	0	0	237924	1080745	39654	174759	548131	12927103	0.00	0.83	14.01	15.98	7	0.1666666667	38	0.1617021277	OK	OK	OK	OK	OK	OK	4.4	4.24E-01	tTestFail	6	TRUE
44	#N/A	a-panasinsene		1	sesquiterpene	Caryophyllene	(-)-.alpha.-Panasinsen	0	0	NA	279150	0	39200	0	1513727	0.00	0.85	0.00	16.21	0	0	33	0.1404255319	OK	OK	OK	OK	OK	OK	Inf	1.98E-02	OK	7	TRUE
45		nonylcyclohexane	new for 2025	RTvar	aliphatic	Hexenol	n-Nonylcyclohexane	0	0	69912	253634	6658	29141	131879	2407835	0.00	0.82	3.02	16.32	4	0.09523809524	27	0.114893617	OK	OK	OK	OK	OK	OK	4.4	4.24E-01	tTestFail	6	TRUE