index	FileName	fn1	fn2	fn3	fn4	fn5	fn6	fn7	fn8	sample	rowSum	Cluster	redos	type	pop	sample_year	plant	scented	rundate	GCn	renamed
1187	Lupinus_bur_20_6_8112021_02.qgd	Lupinus	bur	20	6	8112021	2	qgd		Lupinus_bur_20_6_8112021_02	460964360	6		floral	bur	20	6	1	8112021	2	
1188	Lupinus_bur_20_air_1_8112021_03.qgd	Lupinus	bur	20	air	1	8112021	3	qgd	Lupinus_bur_20_air_1_8112021_03	690634215	5		ambient	bur	20	1		8112021	3	
1189	Lupinus_bur_20_1_8112021_04.qgd	Lupinus	bur	20	1	8112021	4	qgd		Lupinus_bur_20_1_8112021_04	340554524	6		floral	bur	20	1	1	8112021	4	
1190	Lupinus_bur_20_7_8112021_05.qgd	Lupinus	bur	20	7	8112021	5	qgd		Lupinus_bur_20_7_8112021_05	403531076	6		floral	bur	20	7	1	8112021	5	
1191	Lupinus_bur_20_2_8112021_06.qgd	Lupinus	bur	20	2	8112021	6	qgd		Lupinus_bur_20_2_8112021_06	320499176	6		floral	bur	20	2	0	8112021	6	
1192	Lupinus_bur_20_5_8112021_07.qgd	Lupinus	bur	20	5	8112021	7	qgd		Lupinus_bur_20_5_8112021_07	361575748	6		floral	bur	20	5	1	8112021	7	
1193	Lupinus_bur_20_4_8112021_08.qgd	Lupinus	bur	20	4	8112021	8	qgd		Lupinus_bur_20_4_8112021_08	336029526	6		floral	bur	20	4	0	8112021	8	
1194	Lupinus_bur_20_8_8112021_09.qgd	Lupinus	bur	20	8	8112021	9	qgd		Lupinus_bur_20_8_8112021_09	884390288	5		floral	bur	20	8	0	8112021	9	
1195	Lupinus_bur_20_3_8112021_10.qgd	Lupinus	bur	20	3	8112021	10	qgd		Lupinus_bur_20_3_8112021_10	517306032	5		floral	bur	20	3	0	8112021	10	
1196	Lupinus_eml_20_3_8112021_11.qgd	Lupinus	eml	20	3	8112021	11	qgd		Lupinus_eml_20_3_8112021_11	124280634	6		floral	eml	20	3	1	8112021	11	
1197	Lupinus_eml_20_air_2_8112021_12.qgd	Lupinus	eml	20	air	2	8112021	12	qgd	Lupinus_eml_20_air_2_8112021_12	107929436	6		ambient	eml	20	2		8112021	12	
1198	Lupinus_eml_20_5_8112021_13.qgd	Lupinus	eml	20	5	8112021	13	qgd		Lupinus_eml_20_5_8112021_13	170616941	6		floral	eml	20	5	0	8112021	13	
1199	Lupinus_eml_20_4_8112021_14.qgd	Lupinus	eml	20	4	8112021	14	qgd		Lupinus_eml_20_4_8112021_14	689051059	5		floral	eml	20	4	1	8112021	14	
1200	Lupinus_eml_20_8_8112021_15.qgd	Lupinus	eml	20	8	8112021	15	qgd		Lupinus_eml_20_8_8112021_15	163866726	6		floral	eml	20	8	1	8112021	15	
1201	Lupinus_eml_20_6_8112021_16.qgd	Lupinus	eml	20	6	8112021	16	qgd		Lupinus_eml_20_6_8112021_16	498847166	5		floral	eml	20	6	0	8112021	16	
1202	Lupinus_eml_20_7_8112021_17.qgd	Lupinus	eml	20	7	8112021	17	qgd		Lupinus_eml_20_7_8112021_17	172271746	6		floral	eml	20	7	1	8112021	17	
1203	Lupinus_npb_20_5_8112021_18.qgd	Lupinus	npb	20	5	8112021	18	qgd		Lupinus_npb_20_5_8112021_18	126260060	6		floral	npb	20	5	1	8112021	18	
1205	Lupinus_npb_20_4_8112021_20.qgd	Lupinus	npb	20	4	8112021	20	qgd		Lupinus_npb_20_4_8112021_20	287864917	6		floral	npb	20	4	1	8112021	20	
1207	Lupinus_npb_20_3_8122021_02.qgd	Lupinus	npb	20	3	8122021	2	qgd		Lupinus_npb_20_3_8122021_02	296922860	6		floral	npb	20	3	1	8122021	2	
1208	Lupinus_npb_20_1_8122021_03.qgd	Lupinus	npb	20	1	8122021	3	qgd		Lupinus_npb_20_1_8122021_03	23383816	7	dupe	floral	npb	20	1	1	8122021	3	
1209	Lupinus_npb_20_air_1_8122021_04.qgd	Lupinus	npb	20	air	1	8122021	4	qgd	Lupinus_npb_20_air_1_8122021_04	289972384	6		ambient	npb	20	1		8122021	4	
1210	Lupinus_npb_20_2_8122021_05.qgd	Lupinus	npb	20	2	8122021	5	qgd		Lupinus_npb_20_2_8122021_05	238608422	6		floral	npb	20	2	1	8122021	5	
1211	Lupinus_bvb_20_3_8122021_06.qgd	Lupinus	bvb	20	3	8122021	6	qgd		Lupinus_bvb_20_3_8122021_06	1067248031	5		floral	bvb	20	3	1	8122021	6	
1212	Lupinus_bvb_20_1_8122021_07.qgd	Lupinus	bvb	20	1	8122021	7	qgd		Lupinus_bvb_20_1_8122021_07	158966873	6		floral	bvb	20	1	1	8122021	7	
1213	Lupinus_bvb_20_2_8122021_08.qgd	Lupinus	bvb	20	2	8122021	8	qgd		Lupinus_bvb_20_2_8122021_08	192840851	6		floral	bvb	20	2	1	8122021	8	
1214	Lupinus_bvb_20_6_8122021_09.qgd	Lupinus	bvb	20	6	8122021	9	qgd		Lupinus_bvb_20_6_8122021_09	478456573	5		floral	bvb	20	6	0	8122021	9	
1215	Lupinus_bvb_20_air_1_8122021_10.qgd	Lupinus	bvb	20	air	1	8122021	10	qgd	Lupinus_bvb_20_air_1_8122021_10	1084311596	5		ambient	bvb	20	1		8122021	10	
1216	Lupinus_brc_20_1_8122021_11.qgd	Lupinus	brc	20	1	8122021	11	qgd		Lupinus_brc_20_1_8122021_11	1291509238	5		floral	brc	20	1	0	8122021	11	
1217	Lupinus_lerb_20_3_8122021_12.qgd	Lupinus	lerb	20	3	8122021	12	qgd		Lupinus_lerb_20_3_8122021_12	786945357	5		floral	lerb	20	3	0	8122021	12	
1218	Lupinus_brc_20_7_8122021_13.qgd	Lupinus	brc	20	7	8122021	13	qgd		Lupinus_brc_20_7_8122021_13	219262680	6		floral	brc	20	7	0	8122021	13	
1219	Lupinus_lerb_20_7_8122021_14.qgd	Lupinus	lerb	20	7	8122021	14	qgd		Lupinus_lerb_20_7_8122021_14	279660306	6		floral	lerb	20	7	0	8122021	14	
1220	Lupinus_brc_20_6_8122021_15.qgd	Lupinus	brc	20	6	8122021	15	qgd		Lupinus_brc_20_6_8122021_15	842446536	5		floral	brc	20	6	1	8122021	15	
1221	Lupinus_lerb_20_6_8122021_16.qgd	Lupinus	lerb	20	6	8122021	16	qgd		Lupinus_lerb_20_6_8122021_16	183666100	6		floral	lerb	20	6	0	8122021	16	
1222	Lupinus_brc_20_5_8122021_17.qgd	Lupinus	brc	20	5	8122021	17	qgd		Lupinus_brc_20_5_8122021_17	288062284	6		floral	brc	20	5	0	8122021	17	
1223	Lupinus_lerb_20_8_8122021_18.qgd	Lupinus	lerb	20	8	8122021	18	qgd		Lupinus_lerb_20_8_8122021_18	702997578	5	dupe	floral	lerb	20	8	0	8122021	18	
1224	Lupinus_lerb_20_air_1_8122021_19.qgd	Lupinus	lerb	20	air	1	8122021	19	qgd	Lupinus_lerb_20_air_1_8122021_19	778423075	5		ambient	lerb	20	1		8122021	19	
1225	Lupinus_brc_20_2_8122021_20.qgd	Lupinus	brc	20	2	8122021	20	qgd		Lupinus_brc_20_2_8122021_20	982125123	5	dupe	floral	brc	20	2	0	8122021	20	
1226	Lupinus_eml_20_air_1_8132021_01.qgd	Lupinus	eml	20	air	1	8132021	1	qgd	Lupinus_eml_20_air_1_8132021_01	95395124	7		ambient	eml	20	1		8132021	1	
1227	Lupinus_npb_20_1_8132021_02.qgd	Lupinus	npb	20	1	8132021	2	qgd		Lupinus_eml_20_air_1_8132021_01	210315547	6	dupe	ambient	eml	20	1		8132021	1	renamed
1228	Lupinus_eml_20_1_8132021_03.qgd	Lupinus	eml	20	1	8132021	3	qgd		Lupinus_npb_20_1_8132021_02	22722675	7		floral	npb	20	1	1	8132021	2	renamed
1229	Lupinus_eml_20_2_8132021_04.qgd	Lupinus	eml	20	2	8132021	4	qgd		Lupinus_eml_20_1_8132021_03	1092327589	5		floral	eml	20	1	1	8132021	3	renamed
1230	Lupinus_chs_20_2_8132021_05.qgd	Lupinus	chs	20	2	8132021	5	qgd		Lupinus_eml_20_2_8132021_04	912897515	5		floral	eml	20	2	0	8132021	4	renamed
1231	Lupinus_chs_20_air_1_8132021_06.qgd	Lupinus	chs	20	air	1	8132021	6	qgd	Lupinus_chs_20_2_8132021_05	882571336	5		floral	chs	20	2	1	8132021	5	renamed
1232	Lupinus_chs_20_4_8132021_07.qgd	Lupinus	chs	20	4	8132021	7	qgd		Lupinus_chs_20_air_1_8132021_06	131816926	6		ambient	chs	20	1		8132021	6	renamed
1233	Lupinus_chs_20_1_8132021_08.qgd	Lupinus	chs	20	1	8132021	8	qgd		Lupinus_chs_20_4_8132021_07	921837634	5		floral	chs	20	4	1	8132021	7	renamed
1234	Lupinus_chs_20_3_8132021_09.qgd	Lupinus	chs	20	3	8132021	9	qgd		Lupinus_chs_20_1_8132021_08	1068206050	5		floral	chs	20	1	0	8132021	8	renamed
1235	Lupinus_bvb_20_5_8132021_10.qgd	Lupinus	bvb	20	5	8132021	10	qgd		Lupinus_chs_20_3_8132021_09	234652199	6		floral	chs	20	3	0	8132021	9	renamed
1236	Lupinus_bvb_20_4_8132021_11.qgd	Lupinus	bvb	20	4	8132021	11	qgd		Lupinus_bvb_20_5_8132021_10	142465957	6		floral	bvb	20	5	0	8132021	10	renamed
1237	Lupinus_bvb_20_9_8132021_12.qgd	Lupinus	bvb	20	9	8132021	12	qgd		Lupinus_bvb_20_4_8132021_11	916929498	5		floral	bvb	20	4	0	8132021	11	renamed
1238	Lupinus_bvb_20_8_8132021_13.qgd	Lupinus	bvb	20	8	8132021	13	qgd		Lupinus_bvb_20_9_8132021_12	836928815	5		floral	bvb	20	9	1	8132021	12	renamed
1239	Lupinus_bvb_20_7_8132021_14.qgd	Lupinus	bvb	20	7	8132021	14	qgd		Lupinus_bvb_20_8_8132021_13	227437178	6		floral	bvb	20	8	0	8132021	13	renamed
1240	Lupinus_lerb_20_9_8132021_15.qgd	Lupinus	lerb	20	9	8132021	15	qgd		Lupinus_bvb_20_7_8132021_14	1077963970	5		floral	bvb	20	7	1	8132021	14	renamed
1241	Lupinus_lerb_20_8_8132021_16.qgd	Lupinus	lerb	20	8	8132021	16	qgd		Lupinus_lerb_20_9_8132021_15	167442255	6	last	floral	lerb	20	9	0	8132021	15	renamed
1242	Lupinus_brc_20_8_8132021_17.qgd	Lupinus	brc	20	8	8132021	17	qgd		Lupinus_lerb_20_8_8132021_16	1180013186	5		floral	lerb	20	8	0	8132021	16	renamed
1243	Lupinus_lerb_20_2_8132021_18.qgd	Lupinus	lerb	20	2	8132021	18	qgd		Lupinus_brc_20_8_8132021_17	774020323	5		floral	brc	20	8	0	8132021	17	renamed
1244	Lupinus_brc_20_air_1_8132021_19.qgd	Lupinus	brc	20	air	1	8132021	19	qgd	Lupinus_lerb_20_2_8132021_18	475721609	5		floral	lerb	20	2	0	8132021	18	renamed
1245	Lupinus_brc_20_2_8132021_20.qgd	Lupinus	brc	20	2	8132021	20	qgd		Lupinus_brc_20_air_1_8132021_19	141781765	6	last	ambient	brc	20	1		8132021	19	renamed
1247	Lupinus_lerb_20_4_8142021_02.qgd	Lupinus	lerb	20	4	8142021	2	qgd		Lupinus_lerb_20_4_8142021_02	141588233	6		floral	lerb	20	4	0	8142021	2	
1248	Lupinus_npb_20_1_8142021_03.qgd	Lupinus	npb	20	1	8142021	3	qgd		Lupinus_npb_20_1_8142021_03	1118317153	5	last	floral	npb	20	1	1	8142021	3	
1249	Lupinus_lerb_20_5_8142021_04.qgd	Lupinus	lerb	20	5	8142021	4	qgd		Lupinus_lerb_20_5_8142021_04	836595576	5		floral	lerb	20	5	0	8142021	4	
1250	Lupinus_brc_20_3_8142021_05.qgd	Lupinus	brc	20	3	8142021	5	qgd		Lupinus_brc_20_3_8142021_05	203403596	6		floral	brc	20	3	0	8142021	5	
1251	Lupinus_brc_20_4_8142021_06.qgd	Lupinus	brc	20	4	8142021	6	qgd		Lupinus_brc_20_4_8142021_06	166855402	6		floral	brc	20	4	0	8142021	6	
1560	Lupinus_npb_20_6_8112021_19.qgd	Lupinus	npb	20	6	8112021	19	qgd		Lupinus_npb_20_6_8112021_19	784295020	5		floral	npb	20	6	1	8112021	19	
	Lupine1Aug3L_08252017.qgd	Lupine1Aug3L	8252017	qgd							407340100	4		floral	gth	17	1	0	8252017		
	Lupine2Aug3L_08252017.qgd	Lupine2Aug3L	8252017	qgd							534248886	4		floral	gth	17	2	0	8252017		
	LupineR1Aug20_08252017.qgd	LupineR1Aug20	8252017	qgd							309655604	4		floral	npb	17	1	1	8252017		
	LupineR2Aug20redo_08252017.qgd	LupineR2Aug20redo	8252017	qgd							262082968	4		floral	npb	17	2	1	8252017		
	LupineR3Aug20_08252017.qgd	LupineR3Aug20	8252017	qgd							255559175	4		floral	npb	17	3	1	8252017		
	LupineR4Aug20_08252017.qgd	LupineR4Aug20	8252017	qgd							299516729	4		floral	npb	17	4	1	8252017		
	Lupine3Aug3_08252017.qgd	Lupine3Aug3	8252017	qgd							320152258	4		floral	gth	17	3	0	8252017		
	Lupine4Aug3_08252017.qgd	Lupine4Aug3	8252017	qgd							363002139	4		floral	gth	17	4	0	8252017		
	Lupine5Aug3L_08262017.qgd	Lupine5Aug3L	8262017	qgd							246343902	4		floral	gth	17	5	0	8262017		
	Blank_08202018.qgd	Blank	8202018	qgd							323974268	7		blank		18			8202018		
	AirBellNAug16_08202018.qgd	AirBellNAug16	8202018	qgd							69893678	3		ambient	BellN	18			8202018		
	BellNLeaf38Aug16_08202018.qgd	BellNLeaf38Aug16	8202018	qgd							76209750	3		other	BellN	18			8202018		
	BellNLeaf40Aug16_08202018.qgd	BellNLeaf40Aug16	8202018	qgd							38232514	3		other	BellN	18	38		8202018		
	BellNFlr40Aug16_08202018.qgd	BellNFlr40Aug16	8202018	qgd							83207532	3		floral	BellN	18	40	1	8202018		
	BellNFlr35Aug16_08202018.qgd	BellNFlr35Aug16	8202018	qgd							109308775	3		floral	BellN	18	35	1	8202018		
	BellNFlr30Aug16_08202018.qgd	BellNFlr30Aug16	8202018	qgd							120118764	3		floral	BellN	18	30	1	8202018		
	BellNFlr38Aug16_08202018.qgd	BellNFlr38Aug16	8202018	qgd							91163699	3		floral	BellN	18	38	0	8202018		
	BellNFlr31Aug16_08202018.qgd	BellNFlr31Aug16	8202018	qgd							43371296	3		floral	BellN	18	31	1	8202018		
	BellNFlr34Aug16_08202018.qgd	BellNFlr34Aug16	8202018	qgd							62908427	3		floral	BellN	18	34	0	8202018		
	BellNFlr33Aug16_08202018.qgd	BellNFlr33Aug16	8202018	qgd							71407237	3		floral	BellN	18	33	0	8202018		
	BellNFlr42Aug16_08202018.qgd	BellNFlr42Aug16	8202018	qgd							60811245	3		floral	BellN	18	42	0	8202018		
	BellNFlr39Aug16_08202018.qgd	BellNFlr39Aug16	8202018	qgd							71181434	3		floral	BellN	18	39	0	8202018		
	BellNFlr32Aug16_08202018.qgd	BellNFlr32Aug16	8202018	qgd							134085336	3		floral	BellN	18	32	0	8202018		
	BellNBeetleAug16_08202018.qgd	BellNBeetleAug16	8202018	qgd							67065877	3		other	BellN	18			8202018		
	AirBellNAug18_08202018.qgd	AirBellNAug18	8202018	qgd							53428368	3		ambient	BellN	18			8202018		
	BellNFlr29Aug18_08202018.qgd	BellNFlr29Aug18	8202018	qgd							74297839	3		floral	BellN	18	29	0	8202018		
	BellNFlr27Aug18_08202018.qgd	BellNFlr27Aug18	8202018	qgd							70567854	3		floral	BellN	18	27	1	8202018		
	BellNFlr44Aug18_08202018.qgd	BellNFlr44Aug18	8202018	qgd							100185167	3		floral	BellN	18	44	1	8202018		
	Blank_08212018.qgd	Blank	8212018	qgd							164567224	7		blank		18			8212018		
	BellNFlr45Aug18retry_08212018.qgd	BellNFlr45Aug18retry	8212018	qgd							118894078	3		floral	BellN	18	45	0	8212018		
	BellNFlr46Aug18_08212018.qgd	BellNFlr46Aug18	8212018	qgd							90780177	3		floral	BellN	18	46	0	8212018		
	BellNFlr48Aug18_08212018.qgd	BellNFlr48Aug18	8212018	qgd							86904735	3		floral	BellN	18	48	1	8212018		
	BellNBeetleAug18_08212018.qgd	BellNBeetleAug18	8212018	qgd							99748572	3		other	BellN	18			8212018		
	Blank_08282019.qgd	Blank	8282019	qgd							227880126	2		blank		19			8282019		
	ERB1_08282019.qgd	ERB1	8282019	qgd							295391244	2		floral	erb	19	1	0	8282019		
	ERB2_08282019.qgd	ERB2	8282019	qgd							317139516	2		floral	erb	19	2	0	8282019		
	ERB3_08282019.qgd	ERB3	8282019	qgd							321210783	2		floral	erb	19	3	0	8282019		
	ERB4_08282019.qgd	ERB4	8282019	qgd							260984412	2		floral	erb	19	4	0	8282019		
	ERB5_08282019.qgd	ERB5	8282019	qgd							298732862	2		floral	erb	19	5	0	8282019		
	ERB6_08282019.qgd	ERB6	8282019	qgd							259316290	2		floral	erb	19	6	0	8282019		
	ERB7_08282019.qgd	ERB7	8282019	qgd							298763853	2		floral	erb	19	7	0	8282019		
	ERB8_08282019.qgd	ERB8	8282019	qgd							279390326	2		floral	erb	19	8	0	8282019		
	ERBAIR1_08282019.qgd	ERBAIR1	8282019	qgd							278465712	2		ambient	erb	19	1		8282019		
	ERBAIR2_08282019.qgd	ERBAIR2	8282019	qgd							272472779	2		ambient	erb	19	2		8282019		
	ERB9_08282019.qgd	ERB9	8282019	qgd							288998401	2		floral	lerb	19	9	0	8282019		
	LERB1_08282019.qgd	LERB1	8282019	qgd							336983828	2		floral	lerb	19	1	0	8282019		
	LERBAIR1_08282019.qgd	LERBAIR1	8282019	qgd							295441772	2		ambient	lerb	19	1		8282019		
	LERB2_08282019.qgd	LERB2	8282019	qgd							290386790	2		floral	lerb	19	2	0	8282019		
	LERB3_08282019.qgd	LERB3	8282019	qgd							281444383	2		floral	lerb	19	3	0	8282019		
	BVB1_08282019.qgd	BVB1	8282019	qgd							278598109	1		floral	bvb	19	1	0	8282019		
	BVB2_08282019.qgd	BVB2	8282019	qgd							302591926	1		floral	bvb	19	2	1	8282019		
	BVB3_08282019.qgd	BVB3	8282019	qgd							258804306	2		floral	bvb	19	3	0	8282019		
	BVB4_08282019.qgd	BVB4	8282019	qgd							265873609	1		floral	bvb	19	4	1	8282019		
	bbair1_08282019.qgd	bbair1	8282019	qgd							223516777	2		ambient	bvb	19	1		8282019		
	marair1_08282019.qgd	marair1	8282019	qgd							271401372	2		ambient	mar	19	1		8282019		
	marair2_08282019.qgd	marair2	8282019	qgd							274754284	2		ambient	mar	19	1		8282019		
	mar1_08282019.qgd	Mar1	8282019	qgd							313926289	1		floral	mar	19	1	0	8282019		
	mar2_08282019.qgd	Mar2	8282019	qgd							256815305	2		floral	mar	19	2	0	8282019		
	mar3_08282019.qgd	Mar3	8282019	qgd							275678566	1		floral	mar	19	3	0	8282019		
	mar4_08282019.qgd	Mar4	8282019	qgd							250624637	2		floral	mar	19	4	0	8282019		
	mar5_08282019.qgd	Mar5	8282019	qgd							239006273	2		floral	mar	19	5	0	8282019		
	mar6_08282019.qgd	Mar6	8282019	qgd							226559190	2		floral	mar	19	6	0	8282019		
	mar7_08282019.qgd	Mar7	8282019	qgd							253899006	1		floral	mar	19	7	0	8282019		
	mar8_08282019.qgd	Mar8	8282019	qgd							218040372	2		floral	mar	19	8	0	8282019		
	mar9_08282019.qgd	Mar9	8282019	qgd							221090741	2		floral	mar	19	9	0	8282019		
	mar10_08282019.qgd	Mar10	8282019	qgd							286761410	1		floral	mar	19	10	0	8282019		
	4011_08282019.qgd	4011	8282019	qgd							273906487	1		floral	401	19	1	0	8282019		
	4012_08282019.qgd	4012	8282019	qgd							252825341	1		floral	401	19	2	0	8282019		
	4013_08282019.qgd	4013	8282019	qgd							275938563	1		floral	401	19	3	0	8282019		
	4014_08282019.qgd	4014	8282019	qgd							279498344	1		floral	401	19	4	1	8282019		
	4015_08282019.qgd	4015	8282019	qgd							280436413	1		floral	401	19	5	0	8282019		
	4016_08282019.qgd	4016	8282019	qgd							261172480	1		floral	401	19	6	1	8282019		
	Blank_08292019am.qgd	Blank	08292019am	qgd							228359884	2		blank		19			8292019		
	4017_08292019am.qgd	4017	08292019am	qgd							242269649	2		floral	401	19	7	1	8292019		
	401air1_08292019am.qgd	401air1	08292019am	qgd							251130576	2		ambient	401	19	1		8292019		
	401air2_08292019am.qgd	401air2	08292019am	qgd							262272796	2		ambient	401	19	2		8292019		
	beetles_lerb_08292019am.qgd	beetles	lerb	08292019am	qgd						285128316	2		other	lerb	19			8292019		
	thrips_elk_08292019am.qgd	thrips	elk	08292019am	qgd						321798588	2		other	elk	19			8292019		
	elkair1_08292019am.qgd	elkair1	08292019am	qgd							260547842	2		ambient	elk	19	1		8292019		
	elk1_08292019am.qgd	elk1	08292019am	qgd							344627752	1		floral	elk	19	1	1	8292019		
	elk2_08292019am.qgd	elk2	08292019am	qgd							364614092	1		floral	elk	19	2	1	8292019		
	elk3_08292019am.qgd	elk3	08292019am	qgd							360728168	1		floral	elk	19	3	1	8292019		
	elk4_08292019am.qgd	elk4	08292019am	qgd							280936885	1		floral	elk	19	4	1	8292019		
	elk5_08292019am.qgd	elk5	08292019am	qgd							312660729	1		floral	elk	19	5	1	8292019		
	elk6_08292019am.qgd	elk6	08292019am	qgd							351267026	1		floral	elk	19	6	1	8292019		
	elk7_08292019am.qgd	elk7	08292019am	qgd							339728958	1		floral	elk	19	7	1	8292019		
	elk8_08292019am.qgd	elk8	08292019am	qgd							294985747	1		floral	elk	19	8	1	8292019		
	mex1_08292019am.qgd	mex1	08292019am	qgd							483191873	1		floral	mex	19	1	1	8292019		
	mex2_08292019am.qgd	mex2	08292019am	qgd							259384898	2		floral	mex	19	2	0	8292019		
	mex3_08292019am.qgd	mex3	08292019am	qgd							259924784	2		floral	mex	19	3	0	8292019		
	mex4_08292019am.qgd	mex4	08292019am	qgd							324823774	1		floral	mex	19	4	1	8292019		
	mex5_08292019am.qgd	mex5	08292019am	qgd							265272271	1		floral	mex	19	5	0	8292019		
	Blank_08292019pm.qgd	Blank	08292019pm	qgd							242002830	2		blank		19			8292019		
	mex6_08292019pm.qgd	mex6	08292019pm	qgd							354287880	1		floral	mex	19	6	1	8292019		
	mexair1_08292019pm.qgd	mexair1	08292019pm	qgd							288025723	1		ambient	mex	19	1		8292019		
	lerbair2_08292019pm.qgd	lerbair2	08292019pm	qgd							274158413	2		ambient	lerb	19	1		8292019		
	lerb4_08292019pm.qgd	lerb4	08292019pm	qgd							332622001	1		floral	lerb	19	4	0	8292019		
	lerb5_08292019pm.qgd	lerb5	08292019pm	qgd							262785818	1		floral	lerb	19	5	0	8292019		
	lerb6_08292019pm.qgd	lerb6	08292019pm	qgd							255709571	2		floral	lerb	19	6	0	8292019		
	bwbair1_08292019pm.qgd	bwbair1	08292019pm	qgd							271477558	2		ambient	bwb	19	1		8292019		
	bwb1_08292019pm.qgd	bwb1	08292019pm	qgd							291514775	1		floral	bwb	19	1	1	8292019		
	bwb2_08292019pm.qgd	bwb2	08292019pm	qgd							304321883	1		floral	bwb	19	2	0	8292019		
	bwb3_08292019pm.qgd	bwb3	08292019pm	qgd							239426444	1		floral	bwb	19	3	1	8292019		
	bwb4_08292019pm.qgd	bwb4	08292019pm	qgd							318845035	1		floral	bwb	19	4	1	8292019		
	bwb5_08292019pm.qgd	bwb5	08292019pm	qgd							330860206	1		floral	bwb	19	5	0	8292019		
	bwb6_08292019pm.qgd	bwb6	08292019pm	qgd							297309929	1		floral	bwb	19	6	1	8292019		
	bwb7_08292019pm.qgd	bwb7	08292019pm	qgd							263156477	1		floral	bwb	19	7	1	8292019		
	bwb8_08292019pm.qgd	bwb8	08292019pm	qgd							302370518	1		floral	bwb	19	8	1	8292019		
	bwb9_08292019pm.qgd	bwb9	08292019pm	qgd							396153179	1		floral	bwb	19	9	1	8292019		
	ypoair1_08292019pm.qgd	ypoair1	08292019pm	qgd							242157896	2		ambient	ypo	19	1		8292019		
	ypo1_08292019pm.qgd	ypo1	08292019pm	qgd							394428526	1		floral	ypo	19	1	1	8292019		
	ypo2_08292019pm.qgd	ypo2	08292019pm	qgd							392646303	1		floral	ypo	19	2	1	8292019		
	Blank_08302019am.qgd	Blank	08302019am	qgd							246690357	2		blank		19			8302019		
	ypo3_08302019am.qgd	ypo3	08302019am	qgd							297949654	1		floral	ypo	19	3	1	8302019		
	ypo4_08302019am.qgd	ypo4	08302019am	qgd							284409424	1		floral	ypo	19	4	1	8302019		
	bcnair1_08302019am.qgd	bcnair1	08302019am	qgd							270804103	2		ambient	bcn	19	1		8302019		
	bcn1_08302019am.qgd	bcn1	08302019am	qgd							420456762	1		floral	bcn	19	1	1	8302019		
	bcn2_08302019am.qgd	bcn2	08302019am	qgd							382512685	1		floral	bcn	19	2	1	8302019		
	bcn3_08302019am.qgd	bcn3	08302019am	qgd							297340857	1		floral	bcn	19	3	0	8302019		
	bcn4_08302019am.qgd	bcn4	08302019am	qgd							292909505	1		floral	bcn	19	4	1	8302019		
	cmnair1_08302019am.qgd	cmnair1	08302019am	qgd							338156727	1		ambient	cmn	19	1		8302019		
	cmn1_08302019am.qgd	cmn1	08302019am	qgd							388759760	1		floral	cmn	19	1	1	8302019		
	cmn2reallycm3_08302019am.qgd	cmn2reallycm3	08302019am	qgd							292173746	1		floral	cmn	19	3	1	8302019		
	cmn3reallycm4_08302019am.qgd	cmn3reallycm4	08302019am	qgd							318931199	1		floral	cmn	19	4	1	8302019		
	cmn4reallycm5_08302019am.qgd	cmn4reallycm5	08302019am	qgd							347811248	1		floral	cmn	19	5	1	8302019		
	cmn5reallycm6_08302019am.qgd	cmn5reallycm6	08302019am	qgd							299027371	1		floral	cmn	19	6	1	8302019		
	cmn6reallycm7_08302019am.qgd	cmn6reallycm7	08302019am	qgd							377541148	1		floral	cmn	19	7	1	8302019		
	cm2forreal_08312019.qgd	cm2forreal	8312019	qgd							308491685	1		floral	cmn	19	2	1	8312019		
	Blank1_8112021_01.qgd	Blank1	8112021	1	qgd						70161904	7		blank		20			8112021		
	Blank1_8122021_01.qgd	Blank1	8122021	1	qgd						92199993	7		blank		20			8122021		
	BellNFlr45Aug18_08202018.qgd	BellNFlr45Aug18	8202018	qgd							31353899	7		blank	BellN	18	45		8202018		
1983	JH_Lup_arg_CIN_23-6_8312023_01.qgd	JH	Lup	arg	CIN	23	6	8312023	1	JH_Lup_arg_CIN_23-6_8312023_01	331395669	4		floral	cmn	23	23-6	1	8312023		
1984	JH_Lup_arg_CIN_23-7_8312023_02.qgd	JH	Lup	arg	CIN	23	7	8312023	2	JH_Lup_arg_CIN_23-7_8312023_02	188345402	4		floral	cmn	23	23-7	1	8312023		
1985	JH_Lup_arg_CIN_23-8_8312023_03.qgd	JH	Lup	arg	CIN	23	8	8312023	3	JH_Lup_arg_CIN_23-8_8312023_03	183017694	4		floral	cmn	23	23-8	1	8312023		
1986	JH_Lup_arg_CIN_23-10_8312023_04.qgd	JH	Lup	arg	CIN	23	10	8312023	4	JH_Lup_arg_CIN_23-10_8312023_04	139383732	4		floral	cmn	23	23-10	1	8312023		
1987	JH_Lup_arg_CIN_23-11_8312023_05.qgd	JH	Lup	arg	CIN	23	11	8312023	5	JH_Lup_arg_CIN_23-11_8312023_05	347966891	1		floral	cmn	23	23-11	1	8312023		
1988	JH_Lup_arg_CIN_23-12_8312023_06.qgd	JH	Lup	arg	CIN	23	12	8312023	6	JH_Lup_arg_CIN_23-12_8312023_06	119853965	4		floral	cmn	23	23-12	1	8312023		
1989	JH_Lup_arg_CIN_23-13_8312023_07.qgd	JH	Lup	arg	CIN	23	13	8312023	7	JH_Lup_arg_CIN_23-13_8312023_07	91011427	4		floral	cmn	23	23-13	1	8312023		
1990	JH_Lup_arg_CIN_23-14_8312023_08.qgd	JH	Lup	arg	CIN	23	14	8312023	8	JH_Lup_arg_CIN_23-14_8312023_08	222151738	4		floral	cmn	23	23-14	1	8312023		
1991	JH_Lup_arg_CIN_23-15_8312023_09.qgd	JH	Lup	arg	CIN	23	15	8312023	9	JH_Lup_arg_CIN_23-15_8312023_09	249846323	1		floral	cmn	23	23-15	1	8312023		
1992	JH_Lup_arg_CIN_23Air1_8312023_10.qgd	JH	Lup	arg	CIN	23Air1	8312023	10	qgd	JH_Lup_arg_CIN_23Air1_8312023_10	124089023	4		ambient	cmn	23	23Air1		8312023		
1993	JH_Lup_arg_CIN_23Air2_8312023_11.qgd	JH	Lup	arg	CIN	23Air2	8312023	11	qgd	JH_Lup_arg_CIN_23Air2_8312023_11	203548936	4		ambient	cmn	23	23Air2		8312023		
1994	JH_Lup_arg_ERB_23-1_8312023_12.qgd	JH	Lup	arg	ERB	23	1	8312023	12	JH_Lup_arg_ERB_23-1_8312023_12	131347272	4		floral	erb	23	23-1	0	8312023		
1995	JH_Lup_arg_ERB_23-2_8312023_13.qgd	JH	Lup	arg	ERB	23	2	8312023	13	JH_Lup_arg_ERB_23-2_8312023_13	407625373	4		floral	erb	23	23-2	0	8312023		
1996	JH_Lup_arg_ERB_23-3_8312023_14.qgd	JH	Lup	arg	ERB	23	3	8312023	14	JH_Lup_arg_ERB_23-3_8312023_14	394609440	4		floral	erb	23	23-3	0	8312023		
1997	JH_Lup_arg_ERB_23-4_8312023_15.qgd	JH	Lup	arg	ERB	23	4	8312023	15	JH_Lup_arg_ERB_23-4_8312023_15	180024812	4		floral	erb	23	23-4	0	8312023		
1998	JH_Lup_arg_ERB_23-5_8312023_16.qgd	JH	Lup	arg	ERB	23	5	8312023	16	JH_Lup_arg_ERB_23-5_8312023_16	124934284	4		floral	erb	23	23-5	0	8312023		
1999	JH_Lup_arg_ERB_23-6_8312023_17.qgd	JH	Lup	arg	ERB	23	6	8312023	17	JH_Lup_arg_ERB_23-6_8312023_17	303204479	4		floral	erb	23	23-6	0	8312023		
2000	JH_Lup_arg_ERB_23-7_8312023_18.qgd	JH	Lup	arg	ERB	23	7	8312023	18	JH_Lup_arg_ERB_23-7_8312023_18	418141826	1		floral	erb	23	23-7	0	8312023		
2001	JH_Lup_arg_ERB_23-8_8312023_19.qgd	JH	Lup	arg	ERB	23	8	8312023	19	JH_Lup_arg_ERB_23-8_8312023_19	159866597	4		floral	erb	23	23-8	0	8312023		
2002	JH_Lup_arg_ERB_23-9_8312023_20.qgd	JH	Lup	arg	ERB	23	9	8312023	20	JH_Lup_arg_ERB_23-9_8312023_20	183711523	4		floral	erb	23	23-9	0	8312023		
2004	JH_Lup_arg_ERB_23-10_912023_01.qgd	JH	Lup	arg	ERB	23	10	912023	1	JH_Lup_arg_ERB_23-10_912023_01	173696950	4		floral	erb	23	23-10	0	912023		
2005	JH_Lup_arg_ERB_23-11_912023_02.qgd	JH	Lup	arg	ERB	23	11	912023	2	JH_Lup_arg_ERB_23-11_912023_02	117932205	4		floral	erb	23	23-11	1	912023		
2006	JH_Lup_arg_ERB_23-12_912023_03.qgd	JH	Lup	arg	ERB	23	12	912023	3	JH_Lup_arg_ERB_23-12_912023_03	126439483	4		floral	erb	23	23-12	0	912023		
2008	JH_Lup_arg_ERB_23-13_912023_04.qgd	JH	Lup	arg	ERB	23	13	912023	4	JH_Lup_arg_ERB_23Air2_912023_05	231105824	4		ambient	erb	23	Air2		912023		renamed
2009	JH_Lup_arg_ERB_23Air2_912023_05.qgd	JH	Lup	arg	ERB	23Air2	912023	5	qgd	JH_Lup_arg_ERB_23Air1_912023_06	335714860	4		ambient	erb	23	Air1		912023		renamed
2010	JH_Lup_arg_ERB_23Air1_912023_06.qgd	JH	Lup	arg	ERB	23Air1	912023	6	qgd	JH_Lup_arg_ELK_23-1_912023_07	144575843	4		floral	elk	23	23-1	1	912023		renamed
2011	JH_Lup_arg_ELK_23-1_912023_07.qgd	JH	Lup	arg	ELK	23	1	912023	7	JH_Lup_arg_ELK_23-2_912023_08	183304933	4		floral	elk	23	23-2	1	912023		renamed
2012	JH_Lup_arg_ELK_23-2_912023_08.qgd	JH	Lup	arg	ELK	23	2	912023	8	JH_Lup_arg_ELK_23-3_912023_09	136919303	4		floral	elk	23	23-3	1	912023		renamed
2013	JH_Lup_arg_ELK_23-3_912023_09.qgd	JH	Lup	arg	ELK	23	3	912023	9	JH_Lup_arg_ELK_23-4_912023_10	90109616	4		floral	elk	23	23-4	0	912023		renamed
2014	JH_Lup_arg_ELK_23-4_912023_10.qgd	JH	Lup	arg	ELK	23	4	912023	10	Blank1_912023_11	41012416	2		blank		23			912023		renamed
2015	JH_Lup_arg_ELK_23-5_912023_01.qgd	JH	Lup	arg	ELK	23	5	912023	1	JH_Lup_arg_ELK_23-5_912023_01	423948320	1		floral	elk	23	23-5	1	912023		
2016	JH_Lup_arg_ELK_23-6_912023_02.qgd	JH	Lup	arg	ELK	23	6	912023	2	JH_Lup_arg_ELK_23-6_912023_02	186404697	4		floral	elk	23	23-6	1	912023		
2017	JH_Lup_arg_ELK_23-7_912023_03.qgd	JH	Lup	arg	ELK	23	7	912023	3	JH_Lup_arg_ELK_23-7_912023_03	371810351	4		floral	elk	23	23-7	1	912023		
2018	JH_Lup_arg_ELK_23-8_912023_04.qgd	JH	Lup	arg	ELK	23	8	912023	4	JH_Lup_arg_ELK_23-8_912023_04	324347383	1		floral	elk	23	23-8	1	912023		
2020	JH_Lup_arg_ELK_23-9_912023_05.qgd	JH	Lup	arg	ELK	23	9	912023	5	JH_Lup_arg_ELK_23Air2_912023_06	436963314	1		ambient	elk	23	Air2		912023		renamed
2022	JH_Lup_arg_ELK_23Air2_912023_06.qgd	JH	Lup	arg	ELK	23Air2	912023	6	qgd	JH_Lup_arg_ELK_ARNICA1_912023_08	133751176	4		other	elk	23	ARNICA1		912023		renamed
2023	JH_Lup_arg_ELK_23Air1_912023_07.qgd	JH	Lup	arg	ELK	23Air1	912023	7	qgd	Nayeli_5_912023_09	1882177828	3		other		23			912023		renamed
2025	JH_Lup_arg_ELK_ARNICA1_912023_08.qgd	JH	Lup	arg	ELK	ARNICA1	912023	8	qgd	Nayeli_98_912023_11	1125929096	3		other		23			912023		renamed
2048	JH_Lup_arg_ELK_23-9redo_922023_05.qgd	JH	Lup	arg	ELK	23	9redo	922023	5	JH_Lup_arg_ELK_23-9redo_922023_05	268946571	4		floral	elk	23	23-9		922023		
2051	JH_Lup_arg_ELK_23Air1redo_922023_07.qgd	JH	Lup	arg	ELK	23Air1redo	922023	7	qgd	Nayeli_82_922023_08	2513292327	3		other		23			922023		renamed
273	JH_Lup_arg_BVB_24-10_772025_01.qgd	JH	Lup	arg	BVB	24	10	772025	1	JH_Lup_arg_BVB_24-10_772025_01	612698160	7		floral	bvb	24	24-10		772025		
275	JH_Lup_arg_BVB_24-15_772025_03.qgd	JH	Lup	arg	BVB	24	15	772025	3	JH_Lup_arg_BVB_24-15_772025_03	696065877	7		floral	bvb	24	24-15		772025		
276	JH_Lup_arg_BVB_24-13_772025_04.qgd	JH	Lup	arg	BVB	24	13	772025	4	JH_Lup_arg_BVB_24-13_772025_04	794108376	7		floral	bvb	24	24-13		772025		
277	JH_Lup_arg_BVB_24-8_772025_05.qgd	JH	Lup	arg	BVB	24	8	772025	5	JH_Lup_arg_BVB_24-8_772025_05	808003585	7		floral	bvb	24	24-8		772025		
278	JH_Lup_arg_BVB_24-7_772025_06.qgd	JH	Lup	arg	BVB	24	7	772025	6	JH_Lup_arg_BVB_24-7_772025_06	1513627576	5		floral	bvb	24	24-7		772025		
280	JH_Lup_arg_BVB_24-11_772025_07.qgd	JH	Lup	arg	BVB	24	11	772025	7	JH_Lup_arg_BVB_24-5_772025_08	266837399	4		floral	bvb	24	24-5		772025		renamed
281	JH_Lup_arg_BVB_24-5_772025_08.qgd	JH	Lup	arg	BVB	24	5	772025	8	JH_Lup_arg_BVB_24-8tube2_772025_09	833744994	7		floral	bvb	24	24-8tube2		772025		renamed
282	JH_Lup_arg_BVB_24-8tube2_772025_09.qgd	JH	Lup	arg	BVB	24	8tube2	772025	9	Blank11_772025_10	67988254	2		blank		24			772025		renamed
287	JH_Lup_arg_BVB_24-11redo_792025_04.qgd	JH	Lup	arg	BVB	24	11redo	792025	4	JH_Lup_arg_BVB_24-11redo_792025_04	2276938746	5		floral	bvb	24	24-11		792025		
288	JH_Lup_arg_BVB_24-Air2_792025_05.qgd	JH	Lup	arg	BVB	24	Air2	792025	5	JH_Lup_arg_BVB_24-Air2_792025_05	325884966	4		ambient	bvb	24	24-Air2		792025		
289	JH_Lup_arg_BVB_24-26_792025_06.qgd	JH	Lup	arg	BVB	24	26	792025	6	JH_Lup_arg_BVB_24-26_792025_06	675251725	7		floral	bvb	24	24-26		792025		
291	JH_Lup_arg_BVB_24-12_792025_02.qgd	JH	Lup	arg	BVB	24	12	792025	2	JH_Lup_arg_BVB_24-12_792025_02	442043086	7		floral	bvb	24	24-12		792025		
292	JH_Lup_arg_BVB_24-30_792025_03.qgd	JH	Lup	arg	BVB	24	30	792025	3	JH_Lup_arg_BVB_24-30_792025_03	40471394	2		floral	bvb	24	24-30		792025		
293	JH_Lup_arg_BVB_24-Air4_792025_04.qgd	JH	Lup	arg	BVB	24	Air4	792025	4	JH_Lup_arg_BVB_24-Air4_792025_04	2615101294	5		ambient	bvb	24	24-Air4		792025		
295	JH_Lup_arg_BVB_24-23_792025_05.qgd	JH	Lup	arg	BVB	24	23	792025	5	JH_Lup_arg_BVB_24-Air3_792025_06	172377362	4		ambient	bvb	24	24-Air3		792025		renamed
296	JH_Lup_arg_BVB_24-Air3_792025_06.qgd	JH	Lup	arg	BVB	24	Air3	792025	6	JH_Lup_arg_BVB_24-18_792025_07	635761732	7		floral	bvb	24	24-18		792025		renamed
297	JH_Lup_arg_BVB_24-18_792025_07.qgd	JH	Lup	arg	BVB	24	18	792025	7	JH_Lup_arg_BVB_24-22_792025_08	2796363225	5		floral	bvb	24	24-22		792025		renamed
298	JH_Lup_arg_BVB_24-22_792025_08.qgd	JH	Lup	arg	BVB	24	22	792025	8	JH_Lup_arg_BVB_24-Air5_792025_09	2227558556	5		ambient	bvb	24	24-Air5		792025		renamed
299	JH_Lup_arg_BVB_24-Air5_792025_09.qgd	JH	Lup	arg	BVB	24	Air5	792025	9	JH_Lup_arg_BVB_24-Air1_792025_10	633406739	7		ambient	bvb	24	24-Air1		792025		renamed
300	JH_Lup_arg_BVB_24-Air1_792025_10.qgd	JH	Lup	arg	BVB	24	Air1	792025	10	JH_Lup_arg_BVB_24-21_792025_11	448192066	7		floral	bvb	24	24-21		792025		renamed
301	JH_Lup_arg_BVB_24-21_792025_11.qgd	JH	Lup	arg	BVB	24	21	792025	11	JH_Lup_arg_BVB_24-29_792025_12	1185452664	5		floral	bvb	24	24-29		792025		renamed
303	JH_Lup_arg_BVB_24-29_792025_12.qgd	JH	Lup	arg	BVB	24	29	792025	12	JH_Lup_arg_CIN23_23-2_792025_14	2104494464	5		floral	cmn	24	23-2		792025		renamed
304	JH_Lup_arg_BVB_24-27_792025_13.qgd	JH	Lup	arg	BVB	24	27	792025	13	JH_Lup_arg_CIN23_24-13_792025_15	446364442	7		floral	cmn	24	24-13		792025		renamed
305	JH_Lup_arg_CIN23_23-2_792025_14.qgd	JH	Lup	arg	CIN23	23	2	792025	14	JH_Lup_arg_CIN23_24-4_792025_16	577356435	7		floral	cmn	24	24-4		792025		renamed
306	JH_Lup_arg_CIN23_24-13_792025_15.qgd	JH	Lup	arg	CIN23	24	13	792025	15	JH_Lup_arg_CIN23_24-9_792025_17	1084104547	5		floral	cmn	24	24-9		792025		renamed
307	JH_Lup_arg_CIN23_24-4_792025_16.qgd	JH	Lup	arg	CIN23	24	4	792025	16	JH_Lup_arg_CIN23_24-20_792025_18	777027252	7		floral	cmn	24	24-20		792025		renamed
308	JH_Lup_arg_CIN23_24-9_792025_17.qgd	JH	Lup	arg	CIN23	24	9	792025	17	JH_Lup_arg_CIN23_23-9_792025_19	376191190	7		floral	cmn	24	23-9		792025		renamed
309	JH_Lup_arg_CIN23_24-20_792025_18.qgd	JH	Lup	arg	CIN23	24	20	792025	18	JH_Lup_arg_CIN23_24-5_792025_20	663792051	7		floral	cmn	24	24-5		792025		renamed
310	JH_Lup_arg_CIN23_23-9_792025_19.qgd	JH	Lup	arg	CIN23	23	9	792025	19	JH_Lup_arg_CIN23_24-17_792025_21	284293586	4		floral	cmn	24	24-17		792025		renamed
311	JH_Lup_arg_CIN23_24-5_792025_20.qgd	JH	Lup	arg	CIN23	24	5	792025	20	JH_Lup_arg_CIN23_24-Air2_792025_22	272939781	4		ambient	cmn	24	24-Air2		792025		renamed
313	JH_Lup_arg_CIN23_24-17_792025_21.qgd	JH	Lup	arg	CIN23	24	17	792025	21	JH_Lup_arg_CIN23_24-18_792025_24	713303692	7		floral	cmn	24	24-18		792025		renamed
314	JH_Lup_arg_CIN23_24-Air2_792025_22.qgd	JH	Lup	arg	CIN23	24	Air2	792025	22	JH_Lup_arg_CIN23_23-6_792025_25	2731791753	5		floral	cmn	24	23-6		792025		renamed
315	JH_Lup_arg_CIN23_23-14_792025_23.qgd	JH	Lup	arg	CIN23	23	14	792025	23	DC_trapblank_195_25_792025_26	264884144	4		blank		24			792025		renamed
316	JH_Lup_arg_CIN23_24-18_792025_24.qgd	JH	Lup	arg	CIN23	24	18	792025	24	DC_trapblank_196_25_792025_27	279090965	4		blank		24			792025		renamed
317	JH_Lup_arg_CIN23_23-6_792025_25.qgd	JH	Lup	arg	CIN23	23	6	792025	25	?	266188418	4		blank	cmn	24			792025		renamed
322	JH_Lup_arg_BVB_24-30redo_7102025_02.qgd	JH	Lup	arg	BVB	24	30redo	7102025	2	JH_Lup_arg_BVB_24-30redo_7102025_02	1262877550	7		floral	bvb	24	24-30		7102025		
323	JH_Lup_arg_BVB_24-23redo_7102025_03.qgd	JH	Lup	arg	BVB	24	23redo	7102025	3	JH_Lup_arg_BVB_24-23redo_7102025_03	75307872	2		floral	bvb	24	24-23		7102025		
324	JH_Lup_arg_BVB_24-27redo_7102025_04.qgd	JH	Lup	arg	BVB	24	27redo	7102025	4	JH_Lup_arg_BVB_24-27redo_7102025_04	214880819	4		floral	bvb	24	24-27		7102025		
325	JH_Lup_arg_CIN23_23-14redo_7102025_05.qgd	JH	Lup	arg	CIN23	23	14redo	7102025	5	JH_Lup_arg_CIN23_23-14redo_7102025_05	922415788	7		floral	cmn	24	23-14		7102025		
326	JH_Lup_arg_CIN23_24-14_7102025_06.qgd	JH	Lup	arg	CIN23	24	14	7102025	6	JH_Lup_arg_CIN23_24-14_7102025_06	570271997	7		floral	cmn	24	24-14		7102025		
327	JH_Lup_arg_CIN23_24-Pinflag_7102025_07.qgd	JH	Lup	arg	CIN23	24	Pinflag	7102025	7	JH_Lup_arg_CIN23_24-Pinflag_7102025_07	739358987	7		other	cmn	24	24-Pinflag		7102025		
328	JH_Lup_arg_CIN23_24-15_7102025_08.qgd	JH	Lup	arg	CIN23	24	15	7102025	8	JH_Lup_arg_CIN23_24-15_7102025_08	410109468	4		floral	cmn	24	24-15		7102025		
329	JH_Lup_arg_CIN23_24-19_7102025_09.qgd	JH	Lup	arg	CIN23	24	19	7102025	9	JH_Lup_arg_CIN23_24-19_7102025_09	947688966	5		floral	cmn	24	24-19		7102025		
330	JH_Lup_arg_CIN23_24-12_7102025_10.qgd	JH	Lup	arg	CIN23	24	12	7102025	10	JH_Lup_arg_CIN23_24-12_7102025_10	1714472097	5		floral	cmn	24	24-12		7102025		
335	JH_Lup_arg_BVB_24-23redo2_7112025_02.qgd	JH	Lup	arg	BVB	24	23redo2	7112025	2	JH_Lup_arg_LERB_24_Air2_7112025_03	352736851	7		ambient	lerb	24	24-Air2		7112025		renamed
336	JH_Lup_arg_LERB_24_Air2_7112025_03.qgd	JH	Lup	arg	LERB	24	Air2	7112025	3	JH_Lup_arg_LERB_24_23-1_7112025_04	623179669	7		floral	lerb	24	24-23		7112025		renamed
337	JH_Lup_arg_LERB_24_23-1_7112025_04.qgd	JH	Lup	arg	LERB	24	23	1	7112025	JH_Lup_arg_LERB_24_Air4_7112025_05	288960855	4		ambient	lerb	24	24-Air4		7112025		renamed
338	JH_Lup_arg_LERB_24_Air4_7112025_05.qgd	JH	Lup	arg	LERB	24	Air4	7112025	5	JH_Lup_arg_LERB_24-20_7112025_06	723971701	7		floral	lerb	24	24-20		7112025		renamed
339	JH_Lup_arg_LERB_24-20_7112025_06.qgd	JH	Lup	arg	LERB	24	20	7112025	6	JH_Lup_arg_LERB_24-31_7112025_07	469555333	7		floral	lerb	24	24-31		7112025		renamed
340	JH_Lup_arg_LERB_24-31_7112025_07.qgd	JH	Lup	arg	LERB	24	31	7112025	7	JH_Lup_arg_LERB_24-5_7112025_08	1988896324	5		floral	lerb	24	24-5		7112025		renamed
341	JH_Lup_arg_LERB_24-5_7112025_08.qgd	JH	Lup	arg	LERB	24	5	7112025	8	JH_Lup_arg_LERB_24-23_7112025_09	326375681	4		floral	lerb	24	24-23		7112025		renamed
342	JH_Lup_arg_LERB_24-23_7112025_09.qgd	JH	Lup	arg	LERB	24	23	7112025	9	JH_Lup_arg_LERB_24_23-7_7112025_10	626778119	7		floral	lerb	24	24-23		7112025		renamed
343	JH_Lup_arg_LERB_24_23-7_7112025_10.qgd	JH	Lup	arg	LERB	24	23	7	7112025	JH_Lup_arg_LERB_24-9_7112025_11	2222502617	5		floral	lerb	24	24-9		7112025		renamed
344	JH_Lup_arg_LERB_24-9_7112025_11.qgd	JH	Lup	arg	LERB	24	9	7112025	11	JH_Lup_arg_LERB_24-21_7112025_12	1481070518	5		floral	lerb	24	24-21		7112025		renamed
345	JH_Lup_arg_LERB_24-21_7112025_12.qgd	JH	Lup	arg	LERB	24	21	7112025	12	JH_Lup_arg_LERB_24-8_7112025_13	242374916	4		floral	lerb	24	24-8		7112025		renamed
346	JH_Lup_arg_LERB_24-8_7112025_13.qgd	JH	Lup	arg	LERB	24	8	7112025	13	JH_Lup_arg_LERB_24_23-9_7112025_14	331633759	4		floral	lerb	24	24-23		7112025		renamed
347	JH_Lup_arg_LERB_24_23-9_7112025_14.qgd	JH	Lup	arg	LERB	24	23	9	7112025	JH_Lup_arg_LERB_24-1_7112025_15	2476997473	5		floral	lerb	24	24-1		7112025		renamed
348	JH_Lup_arg_LERB_24-1_7112025_15.qgd	JH	Lup	arg	LERB	24	1	7112025	15	JH_Lup_arg_LERB_24-32_7112025_16	315257800	4		floral	lerb	24	24-32		7112025		renamed
349	JH_Lup_arg_LERB_24-32_7112025_16.qgd	JH	Lup	arg	LERB	24	32	7112025	16	JH_Lup_arg_LERB_24-18_7112025_17	692213519	7		floral	lerb	24	24-18		7112025		renamed
350	JH_Lup_arg_LERB_24-18_7112025_17.qgd	JH	Lup	arg	LERB	24	18	7112025	17	?	315660399	7		floral	lerb	24			7112025		renamed
353	JH_Lup_arg_BVB_24-23redo3_7122025_02.qgd	JH	Lup	arg	BVB	24	23redo3	7122025	2	JH_Lup_arg_BVB_24-23redo3_7122025_02	734649594	7		floral	lerb	24	24-23		7122025		
354	JH_Lup_arg_LERB_24-Air3redo2_7122025_03.qgd	JH	Lup	arg	LERB	24	Air3redo2	7122025	3	JH_Lup_arg_LERB_24-Air3redo2_7122025_03	66525669	2		ambient	lerb	24	24-Air3		7122025		
355	JH_Lup_arg_LERB_24_19_7122025_04.qgd	JH	Lup	arg	LERB	24	19	7122025	4	JH_Lup_arg_LERB_24_19_7122025_04	966649650	7		floral	lerb	24	24-19		7122025		
356	JH_Lup_arg_LERB_24_17_7122025_05.qgd	JH	Lup	arg	LERB	24	17	7122025	5	JH_Lup_arg_LERB_24_17_7122025_05	248923389	4		floral	lerb	24	24-17		7122025		
357	JH_Lup_arg_LERB_24-16_7122025_06.qgd	JH	Lup	arg	LERB	24	16	7122025	6	JH_Lup_arg_LERB_24-16_7122025_06	245074859	4		floral	lerb	24	24-16		7122025		
358	JH_Lup_arg_LERB_24-Air1_7122025_07.qgd	JH	Lup	arg	LERB	24	Air1	7122025	7	JH_Lup_arg_LERB_24-Air1_7122025_07	2154541243	5		ambient	lerb	24	24-Air1		7122025		
359	JH_Lup_arg_LERB_24-11_7122025_08.qgd	JH	Lup	arg	LERB	24	11	7122025	8	JH_Lup_arg_LERB_24-11_7122025_08	365132960	4		floral	lerb	24	24-11		7122025		
360	JH_Lup_arg_LERB_24-25_7122025_09.qgd	JH	Lup	arg	LERB	24	25	7122025	9	JH_Lup_arg_LERB_24-25_7122025_09	480774004	7		floral	lerb	24	24-25		7122025		
361	JH_Lup_arg_LERB_24_33_7122025_10.qgd	JH	Lup	arg	LERB	24	33	7122025	10	JH_Lup_arg_LERB_24_33_7122025_10	778749692	7		floral	lerb	24	24-33		7122025		
362	JH_Lup_arg_LERB_24-27_7122025_11.qgd	JH	Lup	arg	LERB	24	27	7122025	11	JH_Lup_arg_LERB_24-27_7122025_11	1263131578	5		floral	lerb	24	24-27		7122025		
363	JH_Lup_arg_LERB_24-Air5_7122025_12.qgd	JH	Lup	arg	LERB	24	Air5	7122025	12	JH_Lup_arg_LERB_24-Air5_7122025_12	840933728	7		ambient	lerb	24	24-Air5		7122025		
1509	JH_Lup_arg_BVB_24-19_772025_02.qgd	JH	Lup	arg	BVB	24	19	772025	2	JH_Lup_arg_BVB_24-19_772025_02	588869372	7		floral	bvb	24	24-19		772025		
1513	JH_Lup_arg_CIN23_24-Air2_7102025_11.qgd	JH	Lup	arg	CIN23	24	Air2	7102025	11	JH_Lup_arg_CIN23_24-Air2_7102025_11	67647813	2		ambient	cmn	24	24-Air2		7102025		